Справочник резюме;;
;;
;;
;;
;;
Резюме;Специализация;
, мастер , бригадир , специалист по ОТ и промбезопасности;;
1 с программист;Информационные технологии;
3 d дизайнер;Информационные технологии;
3D визуализатор интерьеров, экстерьеров;Информационные технологии;
3D моделер;Информационные технологии;
3D моделлер;Информационные технологии;
Авиамеханик;;
Авто   механик;Рабочий персонал;
Авто слесарь;Рабочий персонал;
Автогрейдерист;Автомобильный бизнес;
Автокрановщик;Автомобильный бизнес;
Автомаляр;Автомобильный бизнес;
Автомаляр подготовщик;Автомобильный бизнес;
автомеханик;Рабочий персонал;
Автомеханик, слесарь, механик;Рабочий персонал;
Автоперевозки;Автомобильный бизнес;
авторазбиратель;Автомобильный бизнес;
Автослесарь;Рабочий персонал;
Автоэлектрик;Автомобильный бизнес;
Автоэлектрик   диагност;Автомобильный бизнес;
агент;;
агент (менеджер) по продаже недвижимости;Строительство, недвижимость;
Агент недвижимости;Строительство, недвижимость;
Агент по бронированию и продаже авиаперевозок;Продажи, обслуживание клиентов;
Агент по закупкам;Закупки;
агент по организации обслуживания;;
Агент по снабжению;Закупки;
Агент по снабжению, плотник;Закупки;
агент похоронной службы;;
Агент ритуальных услуг;;
агроном;Сельское хозяйство;
агроном, консультант, специалист по растениям, садовод;Сельское хозяйство;
агроном, помощник агронома;Сельское хозяйство;
административная;Административный персонал;
Административная работа;Административный персонал;
Административная работе. АХО;Административный персонал;
административный менеджер;Административный персонал;
Административный персонал;Административный персонал;
Администратор;Административный персонал;
Администратор ;Административный персонал;
администратор   управляющий;Административный персонал;
Администратор  оператор;Административный персонал;
Администратор , автомеханик...;Административный персонал;
Администратор , бухгалтер;Административный персонал;
Администратор ,секретарь;Административный персонал;
"Администратор (ООО ""Мускат"" 235П)";Административный персонал;
Администратор базы данных;Административный персонал;
администратор в гостиницу;Административный персонал;
Администратор в отель;Административный персонал;
Администратор горничная;Административный персонал;
Администратор гостевого сервиса;Административный персонал;
Администратор гостиницы;Административный персонал;
Администратор детского центра;Административный персонал;
Администратор зала;Административный персонал;
Администратор зала(предприятий общественного питания);Административный персонал;
Администратор зрелищных мероприятий;Административный персонал;
Администратор кассир;Административный персонал;
Администратор магазина;Административный персонал;
Администратор магазина, контролер;Административный персонал;
администратор онлайн школы, таргетолог;Административный персонал;
Администратор ресторана/кафе;Административный персонал;
Администратор ресторанов;Административный персонал;
Администратор с навыком ведения социальных сетей;Административный персонал;
администратор сайта;Административный персонал;
Администратор Салона Красоты;Административный персонал;
Администратор студии звукозаписи;Административный персонал;
Администратор торгового зала;Административный персонал;
Администратор, делопроизводитель;Административный персонал;
Администратор, делопроизводитель, секретарь;Административный персонал;
Администратор, директор;Административный персонал;
Администратор, диспетчер, делопроизводитель;Административный персонал;
администратор, завхоз;Административный персонал;
Администратор, заместитель директора;Административный персонал;
администратор, кассир;Административный персонал;
Администратор, кладовщик, юрист.;Административный персонал;
Администратор, кладовщик,товаровед.;Административный персонал;
Администратор, консультант, госслужащий;Административный персонал;
Администратор, контроллер  кассир, кладовщик;Административный персонал;
администратор, менеджер;Административный персонал;
Администратор, менеджер по продажам;Административный персонал;
Администратор, Менеджер салона красоты или спорт клуба;Административный персонал;
Администратор, Оператор ПК;Административный персонал;
Администратор, оператор, помощник;Административный персонал;
Администратор, педагог, курьер, менеджер, оператор;Административный персонал;
Администратор, помощник руководителя, юрист;Административный персонал;
Администратор, продавец консультант;Административный персонал;
администратор, регистратор;Административный персонал;
Администратор, секретарь;Административный персонал;
Администратор, секретарь, делопроизводитель;Административный персонал;
администратор, специалист, педагог, оператор;Административный персонал;
Администратор, старший продавец;Административный персонал;
Администратор, управляющий торговой точкой, помощник руководителя, инструктор по стрейчингу, бармен в спорт бар, бариста;Административный персонал;
Администратор,логист,менеджер;Административный персонал;
Администратор,повар;Административный персонал;
Администратор,продавец консультант;Административный персонал;
Администратор.;Административный персонал;
Администратор. Медицинская деятельность.;Административный персонал;
Администратор/Директор;Административный персонал;
Администратор/менеджер;Административный персонал;
Администратор/менеджер/;Административный персонал;
Администрации магазина;Административный персонал;
Администрация;Административный персонал;
Аккомпаниатор;;
аккумуляторщик;;
Актриса;Искусство, развлечения, массмедиа;
Акушерка;Медицина, фармацевтика;
Альбатрос(подсобный рабочий);;
Альпинист;;
Альпинист монтажник сотовой связи;;
Аналитик;Информационные технологии;
Аналитик баз данных;Информационные технологии;
Аналитик данных;Информационные технологии;
Аналитик Маркетплейсов;Информационные технологии;
Аналитик по работе с данными;Информационные технологии;
Аналитик SQL;Информационные технологии;
Аниматор;Искусство, развлечения, массмедиа;
Аниматор (временное трудоустройство);Искусство, развлечения, массмедиа;
Анодчик;;
Аппаратчик;;
Аппаратчик   оператор;;
Аппаратчик изготовления плёночных материалов;;
аппаратчик обработки зерна;;
Аппаратчик обработки зерна, уборщик производственных и служебных помещений;;
Аппаратчик Очистки Сточных Вод;;
Аппаратчик производства стерильной продукции;;
Аппаратчик ХВО;;
Аппаратчик химводоочистки;;
арбарист;;
Арматурщик;;
Арт директор, главный дизайнер;Искусство, развлечения, массмедиа;
Артист;Искусство, развлечения, массмедиа;
Артист.;Искусство, развлечения, массмедиа;
архивариус;Административный персонал;
Архивариус, делопроизводитель;Административный персонал;
Архивариус, оператор ПК, диспетчер по докуметообороту;Административный персонал;
Архивариус,инженер;Административный персонал;
Архитектор;;
Ассистент;Административный персонал;
Ассистент менеджмент;Административный персонал;
аудитор;Финансы, бухгалтерия;
Банковский работник;Финансы, бухгалтерия;
банковский сотрудник;Финансы, бухгалтерия;
Бариста;Домашний, обслуживающий персонал;
Бармен;Домашний, обслуживающий персонал;
Бармен официант;Домашний, обслуживающий персонал;
бармен, официант. администратор;Домашний, обслуживающий персонал;
Без опыта работы;;
Безопасник;;
Безработная;;
Безработный;;
Бетонщик;;
Бетонщик 5 разряда;;
библиотекарь;Наука, образование;
Библиотекарь/ Воспитатель/ Учитель;Наука, образование;
Бизнес аналитик;Информационные технологии;
Бизнес ассистент;Информационные технологии;
Бизнес тренер;Информационные технологии;
билетный кассир;;
Биолог;;
БИРЖА;;
Бортпроводник;;
Боцман;;
Бренд менеджер;;
Бригадир;Строительство, недвижимость;
Бригадир мастер;Строительство, недвижимость;
бригадир строительной бригады;Строительство, недвижимость;
бровист / визажист;Спортивные клубы, фитнес, салоны красоты;
Бровист/лэшмейкер;Спортивные клубы, фитнес, салоны красоты;
брокер;;
Буду рассматривать разные должности;;
бульдозерист;;
Бурильщик;Добыча сырья;
Бурильщик по ремонту и строительству газовых скважин;Добыча сырья;
Бурильщик эксплуатационного и разведочного бурения;Добыча сырья;
Буровой мастер, горный мастер.;Добыча сырья;
Буфетчик;Туризм, гостиницы, рестораны;
Буфетчица;Туризм, гостиницы, рестораны;
бухгалтер;Финансы, бухгалтерия;
бухгалтер   оператор;Финансы, бухгалтерия;
бухгалтер ,администратор;Финансы, бухгалтерия;
Бухгалтер (оператор);Финансы, бухгалтерия;
Бухгалтер (экономист);Финансы, бухгалтерия;
Бухгалтер /Помощник бухгалтера;Финансы, бухгалтерия;
бухгалтер калькулятор;Финансы, бухгалтерия;
Бухгалтер кассир;Финансы, бухгалтерия;
Бухгалтер материального стола;Финансы, бухгалтерия;
Бухгалтер на первичную документацию;Финансы, бухгалтерия;
Бухгалтер на самостоятельном балансе;Финансы, бухгалтерия;
бухгалтер на удалёнке;Финансы, бухгалтерия;
Бухгалтер оператор;Финансы, бухгалтерия;
Бухгалтер первичной документации;Финансы, бухгалтерия;
Бухгалтер по заработной плате;Финансы, бухгалтерия;
бухгалтер по зарплате;Финансы, бухгалтерия;
Бухгалтер по кассовым операциям;Финансы, бухгалтерия;
Бухгалтер по начислению заработной платы;Финансы, бухгалтерия;
Бухгалтер по первичному документообороту;Финансы, бухгалтерия;
бухгалтер по учету МПЗ;Финансы, бухгалтерия;
бухгалтер товаровед;Финансы, бухгалтерия;
бухгалтер финансист;Финансы, бухгалтерия;
бухгалтер экономист;Финансы, бухгалтерия;
бухгалтер, администратор, делопроизводитель;Финансы, бухгалтерия;
Бухгалтер, бухгалтер кадровик;Финансы, бухгалтерия;
бухгалтер, бухгалтер операционист;Финансы, бухгалтерия;
Бухгалтер, Бухгалтер по расчету заработной платы;Финансы, бухгалтерия;
Бухгалтер, бухгалтер по расчету заработной платы.;Финансы, бухгалтерия;
Бухгалтер, делопроизводитель;Финансы, бухгалтерия;
Бухгалтер, Диспонент, Делопроизводитель, Офис менеджер.;Финансы, бухгалтерия;
Бухгалтер, кассир, менеджер по продажам, оператор ПК;Финансы, бухгалтерия;
Бухгалтер, менеджер по продажам.;Финансы, бухгалтерия;
бухгалтер, оператор;Финансы, бухгалтерия;
Бухгалтер, Оператор на телефоне;Финансы, бухгалтерия;
Бухгалтер, Офис менеджер;Финансы, бухгалтерия;
Бухгалтер, помощник руководителя;Финансы, бухгалтерия;
бухгалтер, продавец;Финансы, бухгалтерия;
Бухгалтер, продавец непродовольственных товаров;Финансы, бухгалтерия;
Бухгалтер, специалист отдела кадров;Финансы, бухгалтерия;
Бухгалтер, финансист;Финансы, бухгалтерия;
Бухгалтер, экономист;Финансы, бухгалтерия;
Бухгалтер, экономист, специалист.;Финансы, бухгалтерия;
Бухгалтер,администратор;Финансы, бухгалтерия;
Бухгалтер,ГЛАВНЫЙ БУХГАЛТЕР МАЛОГО ПРЕДПРИЯТИЯ.;Финансы, бухгалтерия;
Бухгалтер,секретарь;Финансы, бухгалтерия;
Бухгалтер(помощник бухгалтера);Финансы, бухгалтерия;
Бухгалтер/ Специалист финансового отдела;Финансы, бухгалтерия;
Бухгалтер/Главный бухгалтер;Финансы, бухгалтерия;
в поиске работы;;
Вальщик леса;;
Вахтер;;
Вахтёр;;
вахтер . лифтер.;;
Вахтер, комендант;;
Вахтовик;;
Вводитель;Рабочий персонал;
ввременное трудоустрйство несовершеннолетних;;
веб дизайнер;Информационные технологии;
Веб разработчик;Информационные технологии;
Веб разработчик / программист (javascript);Информационные технологии;
Ведущий бухгалтер;Финансы, бухгалтерия;
Ведущий дискотеки;;
Ведущий инженер;Строительство, недвижимость;
Ведущий инженер проектировщик (ОВиК);Строительство, недвижимость;
Ведущий инженер ПТО;Строительство, недвижимость;
Ведущий инженер технолог;;
Ведущий инженер, инженер;Строительство, недвижимость;
ведущий инспектор;;
Ведущий менеджер;;
Ведущий специалист;Административный персонал;
Ведущий специалист (военная техника);Административный персонал;
Ведущий специалист 1 разряда;Административный персонал;
Ведущий специалист в МФЦ, пенсионное обеспечение, юрист, отдел кадров;Административный персонал;
ведущий специалист гражданской обороны;Административный персонал;
Ведущий специалист отдела кадров;Административный персонал;
Ведущий специалист по ипотечному кредитованию;Административный персонал;
Ведущий специалист по кадрам;Административный персонал;
Ведущий специалист по обучению и развитию;Административный персонал;
Ведущий специалист по работе с партнёрами;Административный персонал;
Ведущий специалист по работе с юридическими лицами;Административный персонал;
Ведущий специалист по СМК;Административный персонал;
ведущий специалист, экономист;Административный персонал;
ведущий экономист;Финансы, бухгалтерия;
Ведущий экономист управления финансового мониторинга;Финансы, бухгалтерия;
Ведущий юрисконсульт;Юристы;
Верстальщик;;
Верстка;;
весовщик;;
Ветеринар;Медицина, фармацевтика;
Ветеринарный ассистент;Медицина, фармацевтика;
Ветеринарный врач;Медицина, фармацевтика;
ветеринарный санитар;Медицина, фармацевтика;
ветеринарный фельдшер;Медицина, фармацевтика;
Взрывник;;
Видеограф;Искусство, развлечения, массмедиа;
Видеомонтажер;Искусство, развлечения, массмедиа;
Видеомонтажёр;Искусство, развлечения, массмедиа;
Видеооператор;Искусство, развлечения, массмедиа;
Видеооператор, Монтажер видео;Искусство, развлечения, массмедиа;
Визажист;Спортивные клубы, фитнес, салоны красоты;
Визажист, парикмахер.;Спортивные клубы, фитнес, салоны красоты;
Визуализатор;;
Визуальный мерчендайзер;;
виноградарь;;
Водитель;Рабочий персонал;
Водитель ;Рабочий персонал;
Водитель  экспедитор;Рабочий персонал;
Водитель ,охранник ,слесарь;Рабочий персонал;
"ВОДИТЕЛЬ ""ВСДЕ""";Рабочий персонал;
водитель автобуса;Рабочий персонал;
водитель автомобиля;Рабочий персонал;
Водитель автомобиля кат. В;Рабочий персонал;
Водитель автомобиля кат. В,С,D;Рабочий персонал;
"водитель автомобиля категории ""В""";Рабочий персонал;
"Водитель автомобиля категории ""С""";Рабочий персонал;
Водитель автомобиля категории В,С,Д;Рабочий персонал;
водитель автомобиля категории B,C,E;Рабочий персонал;
водитель автомобиля категория В;Рабочий персонал;
водитель автомобиля категория В, кладовщик;Рабочий персонал;
Водитель автомобиля категория ВС;Рабочий персонал;
водитель В;Рабочий персонал;
водитель в д;Рабочий персонал;
водитель В С Е;Рабочий персонал;
Водитель в туризме;Рабочий персонал;
Водитель В,С,Д;Рабочий персонал;
водитель В,сторож;Рабочий персонал;
Водитель ВС;Рабочий персонал;
Водитель ВСD;Рабочий персонал;
Водитель грузового авто;Рабочий персонал;
водитель грузового автомобиля;Рабочий персонал;
Водитель кат В;Рабочий персонал;
водитель кат ВС;Рабочий персонал;
Водитель кат С;Рабочий персонал;
Водитель кат. В;Рабочий персонал;
водитель кат. В, вальщик леса;Рабочий персонал;
Водитель кат. В,С;Рабочий персонал;
водитель кат. С;Рабочий персонал;
водитель кат. СЕ (обучение);Рабочий персонал;
водитель кат.В,С;Рабочий персонал;
Водитель категори В С Е;Рабочий персонал;
водитель категори B,C,D,E;Рабочий персонал;
"Водитель категории ""В""";Рабочий персонал;
"Водитель категории ""B""";Рабочий персонал;
Водитель категории Б;Рабочий персонал;
Водитель Категории Б, механик по выпуску, персональный водитель.;Рабочий персонал;
водитель категории в;Рабочий персонал;
Водитель категории В,С;Рабочий персонал;
водитель категории В,стропальщик;Рабочий персонал;
водитель категории ВС;Рабочий персонал;
Водитель категории Е;Рабочий персонал;
Водитель категории С;Рабочий персонал;
Водитель категории b;Рабочий персонал;
Водитель категории B, C;Рабочий персонал;
Водитель категории B, C, D.;Рабочий персонал;
Водитель категории B, D;Рабочий персонал;
водитель категории C;Рабочий персонал;
Водитель категории D;Рабочий персонал;
Водитель котегории B;Рабочий персонал;
водитель кровельщик;Рабочий персонал;
Водитель легкового автомобиля;Рабочий персонал;
Водитель на служебном авто;Рабочий персонал;
Водитель персональный;Рабочий персонал;
Водитель погрузчика;Рабочий персонал;
Водитель погрузчика кат.С или разнорабочий;Рабочий персонал;
Водитель погрузчика, стропальщик, грузчик;Рабочий персонал;
Водитель пожарный машины;Рабочий персонал;
Водитель профессионал.;Рабочий персонал;
Водитель с авто;Рабочий персонал;
ВОДИТЕЛЬ С КАТЕГОРИЕЙ B;Рабочий персонал;
Водитель СЕ;Рабочий персонал;
Водитель Скорой медецинской помощи;Рабочий персонал;
Водитель скорой помощи;Рабочий персонал;
Водитель телохранитель;Рабочий персонал;
Водитель трамвая;Рабочий персонал;
Водитель фронтального погрузчика;Рабочий персонал;
ВОДИТЕЛЬ ШКОЛЬНОГО АВТОБУСА;Рабочий персонал;
Водитель штабелера;Рабочий персонал;
Водитель Экскаватора;Рабочий персонал;
Водитель эксковатора;Рабочий персонал;
Водитель экспедитор;Рабочий персонал;
Водитель экспедитор ;Рабочий персонал;
Водитель экспедитор на личном легковом транспорте;Рабочий персонал;
Водитель B,C;Рабочий персонал;
Водитель BC;Рабочий персонал;
Водитель BCE;Рабочий персонал;
Водитель C,E;Рабочий персонал;
Водитель,;Рабочий персонал;
водитель, автомеханник;Рабочий персонал;
Водитель, безопасность, архив, делопроизводство, администратор ПК;Рабочий персонал;
Водитель, курьер;Рабочий персонал;
Водитель, механик;Рабочий персонал;
водитель, охранник;Рабочий персонал;
Водитель, разнорабочий;Рабочий персонал;
водитель, слесарь;Рабочий персонал;
Водитель, строж;Рабочий персонал;
Водитель. Машинист авто крана.;Рабочий персонал;
Водитель. Машинист бульдозера;Рабочий персонал;
Военная служба;Безопасность;
Военнослужащий;Безопасность;
военный;Безопасность;
Вожатая;Наука, образование;
Вожатый;Наука, образование;
вожатый в о/л Амакс;Наука, образование;
Вожатый в о/л Спорт;Наука, образование;
Волитель погрузчика;Наука, образование;
вопитатель;Наука, образование;
воситатель детского сада, кладовщик;Наука, образование;
Воспитаталь;Наука, образование;
Воспитатель;Наука, образование;
Воспитатель ;Наука, образование;
Воспитатель 1 категории (класса);Наука, образование;
Воспитатель в ГБДОУ;Наука, образование;
Воспитатель детского сада;Наука, образование;
Воспитатель детского сада (яслей сада);Наука, образование;
Воспитатель ДОУ;Наука, образование;
Воспитатель дошкольного образования;Наука, образование;
воспитатель, лаборант кафедры;Наука, образование;
Воспитатель, педагог психолог;Наука, образование;
Воспитатель, продавец, мастер в салоне красоты;Наука, образование;
Воспитатель,помощник воспитателя;Наука, образование;
Воспитатель,учитель ИЗО;Наука, образование;
Воспитательница в саду;Наука, образование;
врач;Медицина, фармацевтика;
Врач акушер  гинеколог;Медицина, фармацевтика;
Врач гастроэнтеролог;Медицина, фармацевтика;
врач клинической лабораторной диагностики;Медицина, фармацевтика;
Врач косметолог;Медицина, фармацевтика;
Врач лаборант;Медицина, фармацевтика;
врач лфк, воспитатель;Медицина, фармацевтика;
врач невролог;Медицина, фармацевтика;
Врач по общей гигиене;Медицина, фармацевтика;
Врач рентгенолог;Медицина, фармацевтика;
Врач стоматолог;Медицина, фармацевтика;
Врач стоматолог ортопед;Медицина, фармацевтика;
Врач Стоматолог Терапевт;Медицина, фармацевтика;
Врач терапевт;Медицина, фармацевтика;
врач хирург;Медицина, фармацевтика;
временная занятость несовершеннолетних;Рабочий персонал;
временная подработка;Рабочий персонал;
Временная трудоспособность несовершеннолетних;Рабочий персонал;
Временная трудоустройство несовершеннолетнего;Рабочий персонал;
Временная трудоустройство несовершеннолетних;Рабочий персонал;
временная трудоустройство несовершено летних;Рабочий персонал;
Временное друдоустройство несовершеннолетниз;Рабочий персонал;
Временное тродоустройство несовершеннолетних;Рабочий персонал;
временное трудойстройство несовершенолетних;Рабочий персонал;
Временное трудоуствойство несовершеннолетних;Рабочий персонал;
Временное трудоустроиство не совершенналетних;Рабочий персонал;
Временное трудоустройства не совершенно летнего;Рабочий персонал;
временное трудоустройство;Рабочий персонал;
Временное трудоустройство не совершеннолетних;Рабочий персонал;
Временное трудоустройство не совершеннолетних МАОУ СОШ 66;Рабочий персонал;
Временное трудоустройство несовершенно летних;Рабочий персонал;
Временное трудоустройство несовершеннолених;Рабочий персонал;
Временное трудоустройство несовершеннолетнего;Рабочий персонал;
Временное трудоустройство несовершеннолетних;Рабочий персонал;
Временное трудоустройство несовершеннолетних ( дворник);Рабочий персонал;
Временное трудоустройство несовершеннолетних (дворник);Рабочий персонал;
"временное трудоустройство несовершеннолетних (МБДОУ ""Детский сад № 22 ""Веселинка"")";Рабочий персонал;
Временное трудоустройство несовершеннолетних граждан;Рабочий персонал;
Временное трудоустройство несовершеннолетних граждан ( уборщик служебных помещений);Рабочий персонал;
Временное трудоустройство несовершеннолетних граждан (дворник);Рабочий персонал;
Временное трудоустройство несовершеннолетних МАОУ СОШ 103;Рабочий персонал;
Временное трудоустройство несовершеннолетних МАОУ СОШ №10;Рабочий персонал;
временное трудоустройство несовершеннолетних МОАУООШ 23;Рабочий персонал;
временное трудоустройство несовершеннолетнихх;Рабочий персонал;
Временное трудоустройство несовершенослетних;Рабочий персонал;
временное устройство несовершеннолетних;Рабочий персонал;
Временные работы для несовершеннолетних;Рабочий персонал;
Временое трудоустройство несовершеннолетних;Рабочий персонал;
Время на трудоустройство несовершеннолетних;Рабочий персонал;
Второй механик;;
выкладчик;;
Выпускающий редактор;;
высоко оплачиваемая;;
Вэб дизайнер;Информационные технологии;
Вязальщица;;
Вязальщица полотна;;
газорезчик;;
Газосварщик;;
Газоэлектро сварщик;;
ГАЗОЭЛЕКТРОСВАРЩИК;;
Газоэлектросварщик 5 разряда;;
Гардеробщик;;
гардеробщица,фасовщица;;
гарднробщик;;
Генеральный Директор;Высший и средний менеджмент;
Генеральный директор акционерного общества;Высший и средний менеджмент;
Геодезист;Добыча сырья;
геодезист,мастер строительно монтажных работ;Добыча сырья;
Геолог;Добыча сырья;
Геолог, преподаватель;Добыча сырья;
Гидрометеоролог;;
Гимназия № 72 временное трудоустройство несовеошеннолетних;;
ГИС специалист;;
Глав врач;Высший и средний менеджмент;
главный библиотекарь;Высший и средний менеджмент;
Главный бухгалтер;Финансы, бухгалтерия;
Главный бухгалтер ;Финансы, бухгалтерия;
Главный бухгалтер, юрист;Финансы, бухгалтерия;
Главный бухгалтер/бухгалтер;Финансы, бухгалтерия;
Главный врач;Высший и средний менеджмент;
главный зоотехник;Высший и средний менеджмент;
Главный инженер;Высший и средний менеджмент;
Главный инженер, руководитель;Высший и средний менеджмент;
Главный менеджер [в финансово экономических и административных подразделениях (службах)];Высший и средний менеджмент;
Главный метролог;Высший и средний менеджмент;
Главный механик;Высший и средний менеджмент;
Главный специалист;Высший и средний менеджмент;
главный специалист   эксперт;Высший и средний менеджмент;
Главный специалист строительного контроля;Высший и средний менеджмент;
Главный специалист/ведущий специалист/экономист/аудитор;Высший и средний менеджмент;
Главный энергетик;Высший и средний менеджмент;
Главный/ведущий специалист эксперт;Высший и средний менеджмент;
горничная;Домашний, обслуживающий персонал;
горничная (ИП Ахметова);Домашний, обслуживающий персонал;
Горничная ИП Ахметова Д.В.;Домашний, обслуживающий персонал;
горнорабочий;Добыча сырья;
Горнорабочий подземный 3 разряда;Добыча сырья;
Горный инженер;Добыча сырья;
Горный мастер;Добыча сырья;
Горный Мастер Гроз Грп Крепильщик подземный;Добыча сырья;
гос служащий;Административный персонал;
Гос служба ;Административный персонал;
гос.закупки;Административный персонал;
госинспектор;Административный персонал;
Госслужащий;Административный персонал;
Госслужба;Административный персонал;
Государственное и муниципальное управление;Административный персонал;
Государственный инспектор;Административный персонал;
Государственный служащий;Административный персонал;
Графический дизайнер;;
Грузчик;Рабочий персонал;
Грузчик комплектовщик;Рабочий персонал;
Грузчик наборщик;Рабочий персонал;
ГРУЗЧИК ЭКСПЕДИТОР, РАБОТНИК СКЛАДА;Рабочий персонал;
грузчик, повар, дворик;Рабочий персонал;
грузчик, разнорабочий;Рабочий персонал;
Грузчик, упаковщик, сортировщик, учитель истории, юрист, продавец консультант, менеджер, администратор;Рабочий персонал;
Грузчик,подсобный рабочий;Рабочий персонал;
Грузчик,строитель;Рабочий персонал;
Дворник;Домашний, обслуживающий персонал;
дворник (временное трудоустройство);Домашний, обслуживающий персонал;
Дворник (ИЦ);Домашний, обслуживающий персонал;
дворник (общественные работы);Домашний, обслуживающий персонал;
дворник, уборщик территорий;Домашний, обслуживающий персонал;
Дворник,уборщик подъездов с предоставлением жилья;Домашний, обслуживающий персонал;
Дежурный администратор;;
Дежурный по КПП;;
Дежурный по станции;;
Дежурный стрелочного поста на РЖД;;
Дежурный электрик;;
Дезинфектор;;
делопроизводитель;Административный персонал;
Делопроизводитель, общественные работы;Административный персонал;
делопроизводитель, помощник руководителя, секретарь;Административный персонал;
Делопроизводитель, секретарь;Административный персонал;
Делопроизводитель, секретарь руководителя;Административный персонал;
Делопроизводитель, секретарь, администратор;Административный персонал;
"Делопроизводитель, секретарь, помощник руководителя, администратор, офис менеджер (без ""холодных"" звонков)";Административный персонал;
Делопроизводитель, юрист, специалист;Административный персонал;
Делопроизводитель,менеджер 1С;Административный персонал;
Делопроизводитель,секретарь,кадровик,оператор,специалист ;Административный персонал;
Делопроизводитель.;Административный персонал;
делопроизводство;Административный персонал;
Делопроизводство, администратор ;Административный персонал;
Делопроизводство, информационный отдел, кладовщик;Административный персонал;
Делопроизводство, специалист.;Административный персонал;
делопроизводство,секретарь, администратор, архивная работа и др.;Административный персонал;
Дерматовенеролог;;
детейлер;;
Дефектолог, психолог;;
Дефектолог, тьютор;;
Дефектоскопист;;
Дизайнер;Информационные технологии;
Дизайнер – консультант;Информационные технологии;
Дизайнер иллюстратор;Информационные технологии;
Дизайнер интерьера;Информационные технологии;
Дизайнер интерьера или 3D визуализатор;Информационные технологии;
Дизайнер Модельер;Информационные технологии;
Дизайнер рекламы;Информационные технологии;
Дизайнер UI/UX;Информационные технологии;
Дизайнер, костюмер, декоратор, художник;Информационные технологии;
Дизайнер: стилист визажист, имидж консультант;Информационные технологии;
Директор;Высший и средний менеджмент;
Директор (заведующий) предприятия розничной торговли;Высший и средний менеджмент;
директор агентства недвижимости;Высший и средний менеджмент;
Директор Магазина;Высший и средний менеджмент;
Директор магазина (салона);Высший и средний менеджмент;
директор магазина, бухгалтер;Высший и средний менеджмент;
Директор МКУ;Высший и средний менеджмент;
Директор образовательного учреждения;Высший и средний менеджмент;
Директор отдела продаж;Высший и средний менеджмент;
Директор по медиапланированию;Высший и средний менеджмент;
Директор по персоналу;Высший и средний менеджмент;
Директор по продажам;Высший и средний менеджмент;
Директор по продажам, директор по персоналу, управляющий;Высший и средний менеджмент;
Директор по продукту (CPO);Высший и средний менеджмент;
Директор по производству;Высший и средний менеджмент;
Директор по развитию;Высший и средний менеджмент;
Директор по розничным продажам;Высший и средний менеджмент;
Директор производства;Высший и средний менеджмент;
Директор филиала;Высший и средний менеджмент;
Директор фирмы;Высший и средний менеджмент;
Директор школы;Высший и средний менеджмент;
Директор школы (гимназии, лицея);Высший и средний менеджмент;
Директор, зам директора;Высший и средний менеджмент;
Директор, Зам. Директора;Высший и средний менеджмент;
Директор, заместитель директора;Высший и средний менеджмент;
Директор, Начальник участка;Высший и средний менеджмент;
Директор, начальник. Зам.директора.;Высший и средний менеджмент;
Директор, руководитель;Высший и средний менеджмент;
директор, управление, менеджмент;Высший и средний менеджмент;
директор, управляющий;Высший и средний менеджмент;
Директор, управляющий магазина;Высший и средний менеджмент;
Директор, управляющий, администратор;Высший и средний менеджмент;
Директор, управляющий, менеджер;Высший и средний менеджмент;
Директор, управляющий, специалист;Высший и средний менеджмент;
Директор/управляющая;Высший и средний менеджмент;
Диспетчер;Транспорт, логистика, перевозки;
Диспетчер маневровый железнодорожной станции;Транспорт, логистика, перевозки;
Диспетчер МЧС;Транспорт, логистика, перевозки;
диспетчер на дому, охранник;Транспорт, логистика, перевозки;
Диспетчер планирования использования воздушного пространства, диспетчер управления воздушным движением;Транспорт, логистика, перевозки;
Диспетчер скорой помощи;Транспорт, логистика, перевозки;
Диспетчер УВД;Транспорт, логистика, перевозки;
диспетчер управляющей компании;Транспорт, логистика, перевозки;
Диспетчер, кладовщик;Транспорт, логистика, перевозки;
Диспетчер,кассир, оператор;Транспорт, логистика, перевозки;
Диспетчер,контролёр, специалист;Транспорт, логистика, перевозки;
диспечер;Транспорт, логистика, перевозки;
Для подростков;;
доводчик притиршик;;
дозировщик пищевой продукции;;
докер;;
Докер механизатор 1класса;;
Документовед;;
Долбëжник;;
Домработница;Домашний, обслуживающий персонал;
Доп. меры ИП Степанян Г.В.;;
доп.меры Динамо плюс;;
доп.меры ТВ;;
дорожный мастер;;
дорожный работник;Рабочий персонал;
дорожный рабочий;Рабочий персонал;
Дорожный рабочий 4 разряда.;Рабочий персонал;
дорожный рабочий, подсобный рабочий;Рабочий персонал;
Доставщик;;
Дошкольный психолог, воспитатель детского сада;;
дояр;;
Доярка;;
Дробильщик;;
Дробильщик, сторож;;
Егерь;;
Жестянщик;;
жестянщик, слесарь механосборочных работ;;
Животновод;;
журналист;;
Зав. библиотекой;;
ЗАВАЛЬЩИК ШИХТЫ;;
Заведующая;Административный персонал;
Заведующая в магазин;Административный персонал;
Заведующая в отделение срочной социальной помощи;Административный персонал;
Заведующая ветеринарной клиникой;Административный персонал;
Заведующая магазина,;Административный персонал;
Заведующая магазином;Административный персонал;
Заведующая по хозяйственной части;Административный персонал;
Заведующая складами;Административный персонал;
Заведующая складом;Административный персонал;
Заведующая хозяйством;Административный персонал;
Заведующий детским садом;Административный персонал;
заведующий кафедрой;Административный персонал;
Заведующий магазином;Административный персонал;
Заведующий отделом промышленными товарами;Административный персонал;
Заведующий производством, мастер швейного цеха;Административный персонал;
заведующий складом;Административный персонал;
Заведующий хозяйством;Административный персонал;
Заведующий, воспитатель, социальный педагог;Административный персонал;
Заведующий, лаборант, администратор;Административный персонал;
Завхоз;Административный персонал;
Закройщик;;
Закупки, снабжение;Закупки;
Закупщик;Закупки;
Заливчик металла ;;
заливщик металла;;
зам .начальника участка;Административный персонал;
Зам. администратора;Административный персонал;
Зам. Нач. Отдела режима;Административный персонал;
зам. руководителя по транспорту, инженер механик, старший водитель;Административный персонал;
замерщик оконных конструкций, мебели;Административный персонал;
Заместитель Генерального директора, Главный механик;Административный персонал;
Заместитель главного бухгалтера;Административный персонал;
Заместитель главного врача;Административный персонал;
Заместитель директора;Административный персонал;
Заместитель директора магазина;Административный персонал;
Заместитель директора магазина, директор магазина;Административный персонал;
Заместитель директора по административно хозяйственной работе;Административный персонал;
Заместитель директора по производству;Административный персонал;
Заместитель директора, ведущий специалист, делопроизводитель;Административный персонал;
Заместитель заведующего по безопасности, делопроизводство;Административный персонал;
Заместитель командира подразделения по воспитательной работе;Административный персонал;
заместитель начальника;Административный персонал;
Заместитель начальника, руководителя;Административный персонал;
Заместитель по снабжению;Административный персонал;
Заместитель Руководителя;Административный персонал;
Заместитель руководителя контрактной службы;Административный персонал;
Заместитель управляющего;Административный персонал;
Заместитель управляющего магазином;Административный персонал;
Заместитель управляющего объектом;Административный персонал;
Зарубежный филолог;;
Звукооператор;Искусство, развлечения, массмедиа;
Землеустроитель;;
Зоотехник;;
зубной техник;;
Ивент менеджер;;
изготовитель;;
Изготовитель мясных полуфабрикатов;;
Изготовитель обуви;;
изготовитель пищевых полуфабрикатов;;
изготовитель полуфабрикатов;;
Изолировщик;;
Иллюстратор дизайнер;;
Импорт менеджер;;
Инженер;Производство, сервисное обслуживание;
Инженер   конструктор;Производство, сервисное обслуживание;
Инженер   сметчик;Производство, сервисное обслуживание;
Инженер   технолог, инженер технической службы, заместитель начальника;Производство, сервисное обслуживание;
инженер   электрик;Производство, сервисное обслуживание;
Инженер   электронщик;Производство, сервисное обслуживание;
Инженер  электромеханик;Производство, сервисное обслуживание;
Инженер (специалист);Производство, сервисное обслуживание;
Инженер 2 категории;Производство, сервисное обслуживание;
Инженер в кадастровой палате;Производство, сервисное обслуживание;
Инженер геолог;Производство, сервисное обслуживание;
инженер ГОЧС;Производство, сервисное обслуживание;
Инженер землеустроитель;Производство, сервисное обслуживание;
Инженер информационных систем;Производство, сервисное обслуживание;
Инженер исследователь;Производство, сервисное обслуживание;
Инженер КИПиА;Производство, сервисное обслуживание;
Инженер КИПиА, Инженер электрик,;Производство, сервисное обслуживание;
Инженер конструктор;Производство, сервисное обслуживание;
Инженер конструктор одежды;Производство, сервисное обслуживание;
Инженер лесного хозяйства;Производство, сервисное обслуживание;
Инженер механик;Производство, сервисное обслуживание;
Инженер мясной, молочной и рыбной промышленности.;Производство, сервисное обслуживание;
Инженер ОМТС;Производство, сервисное обслуживание;
инженер ОМТС и К;Производство, сервисное обслуживание;
Инженер оператор в нефтегазовой отрасли;Производство, сервисное обслуживание;
Инженер охраны труда;Производство, сервисное обслуживание;
инженер охраны труда, зам. по АХЧ;Производство, сервисное обслуживание;
Инженер по 3д печати;Производство, сервисное обслуживание;
Инженер по автоматизированному тестированию программного обеспечения;Производство, сервисное обслуживание;
Инженер по Безопасности Дорожного Движения;Производство, сервисное обслуживание;
Инженер по бурению;Производство, сервисное обслуживание;
инженер по вентиляции;Производство, сервисное обслуживание;
Инженер по видеонаблюдению;Производство, сервисное обслуживание;
Инженер по качеству;Производство, сервисное обслуживание;
Инженер по качеству, начальник цеха, заместитель руководителя;Производство, сервисное обслуживание;
Инженер по комплектации;Производство, сервисное обслуживание;
Инженер по нормированию труда;Производство, сервисное обслуживание;
Инженер по огранизации ремонтов, специалист по охране труда, архивариус;Производство, сервисное обслуживание;
Инженер по организации и нормированию труда;Производство, сервисное обслуживание;
Инженер по охране окружающей среды (эколог);Производство, сервисное обслуживание;
инженер по охране труда;Производство, сервисное обслуживание;
Инженер по охране труда и технике безопасности;Производство, сервисное обслуживание;
Инженер по подготовке производства;Производство, сервисное обслуживание;
Инженер по пожарной безопасности;Производство, сервисное обслуживание;
Инженер по ремонту газового оборудования;Производство, сервисное обслуживание;
инженер по снабжению;Производство, сервисное обслуживание;
Инженер по строительному контролю;Производство, сервисное обслуживание;
Инженер по тестированию;Производство, сервисное обслуживание;
Инженер по технике безопасности;Производство, сервисное обслуживание;
Инженер по транспорту;Производство, сервисное обслуживание;
инженер по эксплуатации зданий;Производство, сервисное обслуживание;
Инженер по эксплуатации сетей;Производство, сервисное обслуживание;
Инженер программист;Производство, сервисное обслуживание;
Инженер программист АСУТП;Производство, сервисное обслуживание;
инженер проектировщик;Производство, сервисное обслуживание;
Инженер производственного отдела;Производство, сервисное обслуживание;
инженер ПТО;Производство, сервисное обслуживание;
Инженер ПТО, оператор 1С, сметчик;Производство, сервисное обслуживание;
Инженер связи;Производство, сервисное обслуживание;
Инженер систем водоснабжения и водоотведения. Диспетчер автомобильного транспорта.;Производство, сервисное обслуживание;
инженер системотехник;Производство, сервисное обслуживание;
инженер слаботочник;Производство, сервисное обслуживание;
инженер сметчик;Производство, сервисное обслуживание;
Инженер Строитель;Производство, сервисное обслуживание;
инженер строитель ПГС;Производство, сервисное обслуживание;
Инженер строитель,мастер смр,прораб.;Производство, сервисное обслуживание;
инженер строительного контроля;Производство, сервисное обслуживание;
инженер теплонадзора;Производство, сервисное обслуживание;
инженер теплотехник;Производство, сервисное обслуживание;
Инженер теплоэнергетик;Производство, сервисное обслуживание;
Инженер тестировщик;Производство, сервисное обслуживание;
Инженер технической поддержки;Производство, сервисное обслуживание;
инженер технической поддержки / службы, эникейщик, системный администратор (помощник / стажёр), программист (стажёр);Производство, сервисное обслуживание;
инженер технолог;Производство, сервисное обслуживание;
Инженер транспортного отдела;Производство, сервисное обслуживание;
Инженер транспортной отрасли;Производство, сервисное обслуживание;
Инженер химик, инженер технолог;Производство, сервисное обслуживание;
Инженер эколог;Производство, сервисное обслуживание;
Инженер Экономист;Производство, сервисное обслуживание;
Инженер эксплуатации и сопровождения компьютерных систем;Производство, сервисное обслуживание;
инженер электрик;Производство, сервисное обслуживание;
Инженер электроник;Производство, сервисное обслуживание;
Инженер электроник, КИПиА, РЭАиП, системотехник, разработчик, исследователь...;Производство, сервисное обслуживание;
ИНЖЕНЕР ЭЛЕКТРОНИКИ;Производство, сервисное обслуживание;
Инженер электронщик;Производство, сервисное обслуживание;
Инженер Эллектроник;Производство, сервисное обслуживание;
Инженер энергетик;Производство, сервисное обслуживание;
Инженер,;Производство, сервисное обслуживание;
Инженер, инженер проектировщик;Производство, сервисное обслуживание;
Инженер, инженер проектировщик, инженер конструктор;Производство, сервисное обслуживание;
Инженер, мастер (Энергетика, КИПиА, АСУТП, видеонаблюдение, ОПС);Производство, сервисное обслуживание;
инженер, механик;Производство, сервисное обслуживание;
инженер, начальник участка, мастер.;Производство, сервисное обслуживание;
Инженер, руководитель;Производство, сервисное обслуживание;
Инженер, специалист ;Производство, сервисное обслуживание;
инженер, технический специалист;Производство, сервисное обслуживание;
Инженерно техническая должность в области автомобильного транспорта, строительства и дорожного хозяйства;Производство, сервисное обслуживание;
Инженерно технический работник;Производство, сервисное обслуживание;
Инжинер;Производство, сервисное обслуживание;
инжнер по долотам;Производство, сервисное обслуживание;
Инкассатор;;
Инспектор;;
Инспектор ГИМС;;
инспектор досмотра;;
инспектор ДПС;;
Инспектор МВД;;
Инспектор налоговой службы;Административный персонал;
инспектор отдела кадров;Административный персонал;
Инспектор по кадрам;Административный персонал;
инспектор по обследованию;Административный персонал;
Инспектор по приему документов;Административный персонал;
инспектор службы безопасности;Административный персонал;
инспектор цзн;Административный персонал;
Инструктор лфк;Медицина, фармацевтика;
Инструктор по йоге;Спортивные клубы, фитнес, салоны красоты;
Инструктор по лечебной физкультуре;Медицина, фармацевтика;
инструктор по спорту;Медицина, фармацевтика;
инструктор по физо;Медицина, фармацевтика;
Инструктор физической культуры;Медицина, фармацевтика;
Интернет маркетолог;Маркетинг, реклама, PR;
Информатик;;
Искусствовед;;
Исполнительный директор;;
Испытатель;;
Истопник;;
Историк;;
ИТ программист;Информационные технологии;
ИТР;;
ИТР, нач. смены и т. п.;;
Кабельщик спайщик;;
кадастровая работа;;
Кадастровый инженер;;
Кадастровый Специалист;;
Кадровик, бухгалтер;Управление персоналом, тренинги;
кадровое дело;Управление персоналом, тренинги;
Кадровое делопроизводство;Управление персоналом, тренинги;
Кадровый работник;Управление персоналом, тренинги;
Кадровый работник, делопроизводитель;Управление персоналом, тренинги;
Каменщик;Строительство, недвижимость;
Каменщик монтажник;Строительство, недвижимость;
Каменщик, бетонщик;Строительство, недвижимость;
капитан;Транспорт, логистика, перевозки;
Капитан теплохода;Транспорт, логистика, перевозки;
Карщик;;
Кассир;Продажи, обслуживание клиентов;
Кассир , повар;Продажи, обслуживание клиентов;
кассир билетный;Продажи, обслуживание клиентов;
Кассир в банк;Продажи, обслуживание клиентов;
Кассир контролер;Продажи, обслуживание клиентов;
Кассир контролер,зам.директора магазина;Продажи, обслуживание клиентов;
Кассир операционист , администратор, оператор 1с;Продажи, обслуживание клиентов;
Кассир пекарни;Продажи, обслуживание клиентов;
Кассир продавец;Продажи, обслуживание клиентов;
Кассир ресторана, кафе;Продажи, обслуживание клиентов;
Кассир торгового зала;Продажи, обслуживание клиентов;
Кассир, специалист кредитования;Продажи, обслуживание клиентов;
Кассир,старший кассир,продавец;Продажи, обслуживание клиентов;
кассирша;Продажи, обслуживание клиентов;
кастелянша;;
Категорийный менеджер;;
Категория Е (обучение);Управление персоналом, тренинги;
Качегар,сторож;;
квалифицированный матрос;Транспорт, логистика, перевозки;
Киномеханик;;
Кладавщик;Рабочий персонал;
Кладовшик карщик;Рабочий персонал;
Кладовщик;Рабочий персонал;
Кладовщик ;Рабочий персонал;
Кладовщик   комплектовщик;Рабочий персонал;
кладовщик комплектовщик;Рабочий персонал;
Кладовщик отборщик;Рабочий персонал;
Кладовщик склада;Рабочий персонал;
Кладовщик, водитель погрузчика;Рабочий персонал;
Кладовщик, заведующий складом, мастер погрузочно разгрузочных работ;Рабочий персонал;
кладовщик,водитель категории B.C;Рабочий персонал;
Кладовщик,работник склада;Рабочий персонал;
Клиентский менеджер;;
клининг;;
Колорист;;
Комендант;;
Коммерческий директор;Высший и средний менеджмент;
Коммерческий представитель;;
Комплеетоащик;Рабочий персонал;
Комплектовщик;Рабочий персонал;
Комплектовщик , рабочий;Рабочий персонал;
комплектовщик грузчик;Рабочий персонал;
Комплектовщик на склад;Рабочий персонал;
комплектовщик охранник служащий рабочий;Рабочий персонал;
комплектовщик товаров;Рабочий персонал;
Комплектовщица;;
Компьютерный лингвист;Информационные технологии;
Компьютерный мастер / Помощник мастера по ремонту;Информационные технологии;
конвертерщик;;
Кондитер;Туризм, гостиницы, рестораны;
Кондитер технолог;Туризм, гостиницы, рестораны;
Кондуктор;;
кондуктор продавец;;
конструктор одежды;;
конструктор технолог мебели;;
Консультант;Продажи, обслуживание клиентов;
Консультант внешнеэкономической деятельности министерства экономического развития;;
Консультант менеджер;Продажи, обслуживание клиентов;
Консультант по продажам;Продажи, обслуживание клиентов;
Консультант помощник;Продажи, обслуживание клиентов;
Консультант, Менеджер;Продажи, обслуживание клиентов;
Консультант, оператор;Продажи, обслуживание клиентов;
Консультант, продавец, кассир;Продажи, обслуживание клиентов;
Консультанта;Продажи, обслуживание клиентов;
Контент менеджер;Искусство, развлечения, массмедиа;
Контент менеджер / контент редактор / UX писатель;Искусство, развлечения, массмедиа;
Контент менеджер, копирайтер;Искусство, развлечения, массмедиа;
Контент редактор;Искусство, развлечения, массмедиа;
контролер;Производство, сервисное обслуживание;
Контролер (охранник);Производство, сервисное обслуживание;
КОНТРОЛЕР ВНУТРЕННЕГО ПОЛИГОНА ПРЕДПРИЯТИЯ;Производство, сервисное обслуживание;
Контролер кассир;Производство, сервисное обслуживание;
Контролер качества;Производство, сервисное обслуживание;
Контролёр качества;Производство, сервисное обслуживание;
Контролёр качества ОТК;Производство, сервисное обслуживание;
контролер контрольно пропускного пункта;Производство, сервисное обслуживание;
Контролер ОТК;Производство, сервисное обслуживание;
Контролер ОТК, Кладовщик;Производство, сервисное обслуживание;
контролер по выпуску автомобилей на линию, водитель автомобиля;Производство, сервисное обслуживание;
контролёр полуфабрикатов из древисины;Производство, сервисное обслуживание;
Контролер слесарно сборочных работ;Производство, сервисное обслуживание;
Контролёр службы безопасности;Производство, сервисное обслуживание;
контролер строительных изделий и материалов;Производство, сервисное обслуживание;
Контролёр транспортных средств, механик;Производство, сервисное обслуживание;
контролер, вахтер;Производство, сервисное обслуживание;
Контролер, разнорабочий;Производство, сервисное обслуживание;
Контролера абонентского отдела (энергосбыта);Производство, сервисное обслуживание;
Контрольный Мастер ОТК;Производство, сервисное обслуживание;
Конфетчик;Туризм, гостиницы, рестораны;
Координатор мероприятий;;
Координатор отдела;;
Координатор отдела продаж;Продажи, обслуживание клиентов;
Координатор, Менеджер;;
копирайтер;;
Копирайтер, автор текстов;;
Коптильни колбасных изделий;;
Корректор;;
корреспондент;;
Косметик;;
Косметолог;Спортивные клубы, фитнес, салоны красоты;
косметолог эстетист;Спортивные клубы, фитнес, салоны красоты;
Коуч;Управление персоналом, тренинги;
Кочегар;;
кочегар истопник;;
кочегар машинист;;
крановщик;;
кредитный инспектор;Финансы, бухгалтерия;
Кредитный специалист;Финансы, бухгалтерия;
Кредитный специалист, финансовый эксперт;Финансы, бухгалтерия;
Кредитный эксперт;Финансы, бухгалтерия;
Кровельщик;Строительство, недвижимость;
Кузнец;;
Культорганизатор;;
культорганизатор (МАОУ СОШ 160 ТГО);;
Куратор образовательных проектов, преподаватель;;
Курьер;Административный персонал;
Курьер   Водитель автомобиля категории B,B1;Административный персонал;
Курьер ООО Богема;Административный персонал;
КУРЬЕР ПО РЕКЛАМЕ;Административный персонал;
курьер, администратор;Административный персонал;
курьер, продавец, сотрудник торгового зала;Административный персонал;
курьер, сторож;Административный персонал;
Куханный работник;Туризм, гостиницы, рестораны;
кухоннный рабочий;Туризм, гостиницы, рестораны;
Кухонный работник;Туризм, гостиницы, рестораны;
Кухонный работник ;Туризм, гостиницы, рестораны;
Кухонный работник, фасовщица, помощник повара;Туризм, гостиницы, рестораны;
Кухонный рабочий;Туризм, гостиницы, рестораны;
кухработник;Туризм, гостиницы, рестораны;
кухработница;Туризм, гостиницы, рестораны;
Лаборант;Добыча сырья;
лаборант контролер;Добыча сырья;
Лаборант хво;Добыча сырья;
Лаборант хим.анализа,микробиолог;Добыча сырья;
Лаборант химико бактериологического анализа;Добыча сырья;
лаборант химических анализов;Добыча сырья;
Лаборант химического анализа;Добыча сырья;
Лаборант химического анализа ;Добыча сырья;
Лаборант химического цеха.;Добыча сырья;
Лаборант, оператор по добычи нефти и газа;Добыча сырья;
лабораторный генетик;Добыча сырья;
Ламповщик;;
Ламповщик ;;
Ландшафтный дизайнер;;
легкий труд;;
Лепщик;Строительство, недвижимость;
Лепщик архитектурных деталей;Строительство, недвижимость;
Лесник;;
лесничий;;
Лесное Лесопарковое хозяйство;;
лесовод;;
Лесозаготовитель;;
лесоруб;;
летнее трудо устройство несовершеннлетних;;
Лингвист, преподаватель английского языка;;
линейный механик транспортной службы;;
Литейщик пластмасс , контролёр;;
Литейщик ювелирного производства;;
Личный водитель;Домашний, обслуживающий персонал;
Логист;Транспорт, логистика, перевозки;
Логист менеджер;Транспорт, логистика, перевозки;
Логист, диспечтер;Транспорт, логистика, перевозки;
Логист, помощник руководителя;Транспорт, логистика, перевозки;
логопед;Наука, образование;
Логопед, дефектолог, психолог;Наука, образование;
любая;;
макетчик макетно модельного проектирования;;
Маляр;Рабочий персонал;
маляр 2 разряд;Рабочий персонал;
Маляр по дереву, Мастер столярного цеха;Рабочий персонал;
Маляр ПО МЕТАЛЛУ;Рабочий персонал;
маляр, мойщик, уборщик;Рабочий персонал;
Маляр, слесарь механосборочных работ, газорезчик,сварщик на полуавтоматических аппаратах, стропальщик;Рабочий персонал;
Маникюр;Спортивные клубы, фитнес, салоны красоты;
Маникюрша;Спортивные клубы, фитнес, салоны красоты;
Маркетолог;Маркетинг, реклама, PR;
Маркетолог, копирайтер;Маркетинг, реклама, PR;
Маркировщик;;
Маркировщик, фасовщик;;
маркировщик, фасовщик, продавец;;
Маркшейдер;;
маслодел;;
Массажист;Спортивные клубы, фитнес, салоны красоты;
массажист. специалист по эпиляции;Спортивные клубы, фитнес, салоны красоты;
Мастер;;
Мастер бровист;Спортивные клубы, фитнес, салоны красоты;
Мастер внутридомового и газового оборудования;;
Мастер дорожный;;
Мастер дорожных работ;;
Мастер зеленого хозяйства;;
мастер КИПиА;;
Мастер КРС и ПРС;;
Мастер лазерной гравировки;;
Мастер маникюра;Спортивные клубы, фитнес, салоны красоты;
Мастер маникюра педикюра;Спортивные клубы, фитнес, салоны красоты;
Мастер мебельного производства;;
Мастер мтс;;
Мастер ногтевого сервиса;Спорт;
Мастер отделочных работ;;
Мастер ОТК, контролер ОТК;;
Мастер Парикмахер Широкого профиля;;
Мастер парикмахерских услуг;;
Мастер по диагностике оборудования;;
Мастер по лесовосстановлению;;
Мастер по маникюру;Спорт;
Мастер по обработке цифровой информации;;
Мастер по обработке цифровой информации. Оператор ЭВМ. Администратор. Экономист по труду;;
Мастер по ремонту;;
Мастер по ремонту автомобилей;Автомобильный бизнес;
МАСТЕР ПО РЕМОНТУ СТРИАЛЬНЫХ МАШИН;;
Мастер по ремонту телефонов;;
Мастер по ремонту холодильников;;
мастер по техническому обслуживанию и ремонту машинно тракторного парка;;
Мастер по укладки плитки;Производство, сервисное обслуживание;
Мастер по электроэпиляции;Производство, сервисное обслуживание;
мастер ПОВ;Производство, сервисное обслуживание;
Мастер приемщик;Производство, сервисное обслуживание;
Мастер производства;Производство, сервисное обслуживание;
Мастер производственного обучения;Производство, сервисное обслуживание;
мастер производственного участка;Производство, сервисное обслуживание;
мастер ремонтной службы;Производство, сервисное обслуживание;
Мастер РСУ;Производство, сервисное обслуживание;
Мастер строительно монтажного участка;Производство, сервисное обслуживание;
МАСТЕР СТРОИТЕЛЬНЫХ И МОНТАЖНЫХ РАБОТ;Производство, сервисное обслуживание;
мастер строительных и отделочных работ;Производство, сервисное обслуживание;
мастер теплотехник;Производство, сервисное обслуживание;
мастер технолог;Производство, сервисное обслуживание;
Мастер участка;Производство, сервисное обслуживание;
Мастер участка по ремонту энергетического оборудования;Производство, сервисное обслуживание;
Мастер участка СМР;Производство, сервисное обслуживание;
Мастер цеха;Производство, сервисное обслуживание;
мастер чистоты;Производство, сервисное обслуживание;
Мастер, Инженер;Производство, сервисное обслуживание;
Мастер, менеджер,;Производство, сервисное обслуживание;
Мастер, прораб, начальник участка.;Производство, сервисное обслуживание;
Мастер.;Производство, сервисное обслуживание;
мастер. технолог;Производство, сервисное обслуживание;
Матрос;;
МАТРОС ДОБЫЧИ;;
матрос квалифицированный;;
Матрос на судах рыбопромыслового флота;;
Матрос рыбообработки;;
машинист;Добыча сырья;
Машинист ;Добыча сырья;
Машинист   бульдозерист;Добыча сырья;
Машинист (кочегар) котельной;Добыча сырья;
машинист (кочегар) котельной/ сезоный;Добыча сырья;
машинист автогрейдера;Добыча сырья;
Машинист автокрана;Добыча сырья;
Машинист автомобильного крана;Добыча сырья;
машинист бульдозера;Добыча сырья;
машинист буровой установки;Добыча сырья;
машинист дробильного агрегата;Добыча сырья;
машинист ДЭС;Добыча сырья;
Машинист землесосного плавучего несамоходного снаряда;Добыча сырья;
Машинист ЗПНС,механик;Добыча сырья;
Машинист катка;Добыча сырья;
машинист конвейера;Добыча сырья;
машинист котельной;Добыча сырья;
Машинист котельной, сторож, изолировщик;Добыча сырья;
Машинист котельных установок;Добыча сырья;
машинист котельных установок на твердом топлеве.;Добыча сырья;
Машинист котельных установок на твердом топливе;Добыча сырья;
машинист котла;Добыча сырья;
Машинист Кочегар;Добыча сырья;
машинист кочегар котельной;Добыча сырья;
Машинист крана;Добыча сырья;
машинист лесозаготовительной машины;Добыча сырья;
Машинист мостового крана;Добыча сырья;
машинист насосной установки;Добыча сырья;
машинист насосных установок;Добыча сырья;
Машинист оператор котельной;Добыча сырья;
машинист передвижной дизельной электростанции 5 разряда;Добыча сырья;
Машинист питателя;Добыча сырья;
Машинист По Стирки Белья И Спец одежды;Добыча сырья;
Машинист погрузчика;Добыча сырья;
Машинист погрузчика   экскаватора;Добыча сырья;
Машинист подъемника;Добыча сырья;
Машинист подъемной машины;Добыча сырья;
Машинист рефрижераторных установок;Добыча сырья;
МАШИНИСТ РУМ;Добыча сырья;
Машинист семеочистительных машин;Добыча сырья;
Машинист технологических компрессоров;Добыча сырья;
Машинист технологических насосов 5 разряда;Добыча сырья;
Машинист технологических насосов и компрессоров;Добыча сырья;
Машинист тока;Добыча сырья;
машинист топливоподачи 3 разряда;Добыча сырья;
машинист центрального теплового щита;Добыча сырья;
Машинист экскаватора;Добыча сырья;
машинист экскаватора (ЭКГ);Добыча сырья;
машинист экскаватора 6 разряда;Добыча сырья;
Машинист эксковатра;Добыча сырья;
машинист экструдера;Добыча сырья;
Машинист электропоезда;Добыча сырья;
Машинист(кочегар) котельной;Добыча сырья;
МБОУ СОШ №14;;
Мед сестра;Медицина, фармацевтика;
мед. сестра;Медицина, фармацевтика;
Мед.работник;Медицина, фармацевтика;
Медицинская сестра;Медицина, фармацевтика;
медицинская сестра, санитарка;Медицина, фармацевтика;
Медицинский брат;Медицина, фармацевтика;
Медицинский лабораторный техник;Медицина, фармацевтика;
Медицинский представитель;Медицина, фармацевтика;
Медицинский психолог. Психодиагност;Медицина, фармацевтика;
Медицинский работник;Медицина, фармацевтика;
медицинский регистратор;Медицина, фармацевтика;
Медицинский техник лаборант;Медицина, фармацевтика;
Медицинский технолог;Медицина, фармацевтика;
Медицинский физик;Медицина, фармацевтика;
медсестра;Медицина, фармацевтика;
Медсестра рентгенлаборант;Медицина, фармацевтика;
Менеджер;Административный персонал;
Менеджер   администратор;Административный персонал;
Менеджер , работа с клиентами , продавец;Административный персонал;
Менеджер (в коммерческой деятельности);Административный персонал;
Менеджер (в финансово экономических и административных подразделениях (службах));Административный персонал;
Менеджер администратор;Административный персонал;
МЕНЕДЖЕР БАНКА ПО РАБОТЕ С КОРПОРАТИВНЫМИ КЛИЕНТАМИ;Административный персонал;
Менеджер в банк;Административный персонал;
менеджер в торговле;Административный персонал;
Менеджер ВЭД;Административный персонал;
Менеджер ВЭД, Логист;Административный персонал;
Менеджер гостиницы;Административный персонал;
Менеджер кадровой службы;Административный персонал;
Менеджер клининга;Административный персонал;
Менеджер консультант;Административный персонал;
Менеджер маркетолог;Административный персонал;
менеджер маркетплейс (Удаленно);Административный персонал;
Менеджер маркетплейс. Менеджер по работе с клиентами;Административный персонал;
менеджер маркетплейса;Административный персонал;
менеджер маркетплейсов;Административный персонал;
Менеджер отдела;Административный персонал;
менеджер отдела информационных технологий;Административный персонал;
Менеджер отдела продаж;Административный персонал;
менеджер отдела сбыта;Административный персонал;
Менеджер отдела снабжения;Административный персонал;
Менеджер отделения банка;Административный персонал;
менеджер по внешнеэкономической деятельности;Административный персонал;
Менеджер по документооброту, делопроизводитель, помощник специалиста отдела кадров;Административный персонал;
Менеджер по закупкам;Административный персонал;
Менеджер по закупкам, ВЭД;Административный персонал;
Менеджер по закупкам, снабжению.;Административный персонал;
Менеджер по клинингу;Административный персонал;
менеджер по ключевым клиентам;Административный персонал;
Менеджер по корпоративной культуре и внутренним коммуникациям;Административный персонал;
Менеджер по кредитам;Административный персонал;
Менеджер по кредитованию, страхованию;Административный персонал;
Менеджер по логистике;Административный персонал;
Менеджер по маркетингу и рекламе;Административный персонал;
Менеджер по маркетплейсам;Административный персонал;
менеджер по обслуживанию;Административный персонал;
Менеджер по обучению, преподаватель, репетитор (история русской культуры);Административный персонал;
Менеджер по оптовым продажам;Административный персонал;
Менеджер по организации мероприятий/менеджер в сфере культуры;Административный персонал;
Менеджер по персоналу;Административный персонал;
Менеджер по персоналу, специалист по кадрам;Административный персонал;
Менеджер по персоналу/ специалист по кадрам;Административный персонал;
Менеджер по подбору персонала;Административный персонал;
Менеджер по подбору персонала на удаленной основе;Административный персонал;
Менеджер по продажам;Административный персонал;
Менеджер по продажам ;Административный персонал;
Менеджер по продажам (инженерная сантехника);Административный персонал;
Менеджер по продажам автомобилей;Административный персонал;
менеджер по продажам автомобилей с пробегом;Административный персонал;
Менеджер по продажам информационно коммуникационных систем;Административный персонал;
Менеджер по продажам оборудования;Административный персонал;
Менеджер по продажам, отдел кадров;Административный персонал;
Менеджер по продажам.;Административный персонал;
Менеджер по продажам. Менеджер по закупкам.;Административный персонал;
Менеджер по продуктам глобальных рынков;Административный персонал;
Менеджер по работе с ипотекой;Административный персонал;
менеджер по работе с клиентами;Административный персонал;
Менеджер по работе с клиентами в строительной компании;Административный персонал;
менеджер по работе с клиентами по вопросам недвижимости;Административный персонал;
менеджер по работе с клиентами, администратор;Административный персонал;
Менеджер по работе с ключевыми клиентами;Административный персонал;
Менеджер по работе с ключевыми клиентами КАМ;Административный персонал;
Менеджер по работе с федеральными сетями (КАМ);Административный персонал;
Менеджер по работе с юридическими лицами;Административный персонал;
Менеджер по развитию;Административный персонал;
Менеджер по развитию бизнеса;Административный персонал;
Менеджер по развитию/ руководитель отдела развития/ менеджер по работе с ключевыми клиентами;Административный персонал;
Менеджер по рекламе;Административный персонал;
Менеджер по сбору интернет заказов;Административный персонал;
менеджер по связям;Административный персонал;
Менеджер по сертификации;Административный персонал;
менеджер по складской логистике;Административный персонал;
менеджер по снабжению;Административный персонал;
Менеджер по сопровождению клиентов;Административный персонал;
менеджер по страховым случаям;Административный персонал;
Менеджер по технологии «бережливого производства» (LEAN);Административный персонал;
Менеджер по туризму;Административный персонал;
Менеджер по туризму, специалист по работе с клиентами;Административный персонал;
Менеджер по управлению проектами;Административный персонал;
Менеджер проекта;Административный персонал;
Менеджер проекта, бизнес ассистент;Административный персонал;
Менеджер проектов;Административный персонал;
Менеджер проектов (Руководитель проекта);Административный персонал;
Менеджер рекреации и спортивно оздоровительного туризма;Административный персонал;
Менеджер розничных продаж;Административный персонал;
Менеджер специалист;Административный персонал;
Менеджер среднего звена;Административный персонал;
Менеджер тендерного отдела, специалист по продажам;Административный персонал;
менеджер технолог по кухонной мебели;Административный персонал;
менеджер торгового зала, системный администратор;Административный персонал;
менеджер туризма;Административный персонал;
Менеджер экономист;Административный персонал;
Менеджер Wildberries;Административный персонал;
Менеджер, администратор;Административный персонал;
менеджер, аналитик;Административный персонал;
Менеджер, визуал менеджер;Административный персонал;
менеджер, делопроизводитель;Административный персонал;
Менеджер, кредитор;Административный персонал;
менеджер, опратор Call центра;Административный персонал;
Менеджер, помощник экономиста;Административный персонал;
менеджер, рабочий;Административный персонал;
Менеджер, секретарь, работа в банковской сфере;Административный персонал;
Менеджер, специалист;Административный персонал;
Менеджер, торговый представитель;Административный персонал;
Менеджер, экономист;Административный персонал;
Менеджер, экономист, специалист, бухгалтер;Административный персонал;
Менеджер,администратор,оператор;Административный персонал;
Менеджер,офис менеджер,оператор…;Административный персонал;
Менеджер,экономист,администратор;Административный персонал;
Менеджер/Помощник;Административный персонал;
Менеджер/специалист;Административный персонал;
менеджмент организации;Административный персонал;
Менеджмент, администратор, офисный работник. ;Административный персонал;
Менчендайзер;Продажи, обслуживание клиентов;
Мерчендайзер;Продажи, обслуживание клиентов;
Металлург;Добыча сырья;
Методист;Управление персоналом, тренинги;
методист онлайн школы;Управление персоналом, тренинги;
методист, администратор;Управление персоналом, тренинги;
метролог;Управление персоналом, тренинги;
механизатор;Производство, сервисное обслуживание;
Механизатор (докер механизатор) комплексной бригады на погрузочно разгрузочных работах;Производство, сервисное обслуживание;
механизатор машинист;Производство, сервисное обслуживание;
Механизатор по погрузо  разгрузочным работам 4 разряда;Производство, сервисное обслуживание;
Механизатор(докер механизатор) комплексной бригады на погр. разгр.раб.;Производство, сервисное обслуживание;
Механик;Производство, сервисное обслуживание;
Механик   водитель;Производство, сервисное обслуживание;
механик автомобильного транспорта;Производство, сервисное обслуживание;
Механик буровых работ;Производство, сервисное обслуживание;
Механик водитель;Производство, сервисное обслуживание;
Механик по выпуску автотранспорта;Производство, сервисное обслуживание;
Механик по транспорту;Производство, сервисное обслуживание;
Механик реф. установок;Производство, сервисное обслуживание;
Механик, водитель категории в;Производство, сервисное обслуживание;
Механик, инженер;Производство, сервисное обслуживание;
Механник;Производство, сервисное обслуживание;
Министр юстиции;;
Мл.Воспитатель;Наука, образование;
Младшая медецинская сестра, продавец, разнорабочая, сиделка;Медицина, фармацевтика;
Младшая медицинская медсестра по уходу;Медицина, фармацевтика;
Младшая медицинская сестра;Медицина, фармацевтика;
младшая медицинская сестра по уходу за больными;Медицина, фармацевтика;
Младшии воспитатель;Наука, образование;
младший воспитатель;Наука, образование;
младший воспитатель ,курьер,;Наука, образование;
младший воспитатель, администратор;Наука, образование;
Младший дизайнер;;
Младший инспектор отдела охраны;;
младший медбрат;;
Младший Персонал;;
младший разработчик;;
Младший сотрудник;;
младший специалист;;
Модератор;;
Мойшик посуды;Рабочий персонал;
Мойщик деталей электросчетчиков;Рабочий персонал;
мойщик посуды;Рабочий персонал;
мойщик тары и оборудования;Рабочий персонал;
Монтажник;Рабочий персонал;
Монтажник газопроводов низкого давления;Рабочий персонал;
Монтажник ЖБК;Рабочий персонал;
Монтажник железобетонных конструкций;Рабочий персонал;
Монтажник кондиционеров;Рабочий персонал;
монтажник навесного оборудования;Рабочий персонал;
Монтажник наружного трубопровода;Рабочий персонал;
монтажник оборудования связи, техник вычислительного центра, администратор информационной безопасности вычислительной сети, администратор вычислительной сети.;Рабочий персонал;
Монтажник окон ПВХ;Рабочий персонал;
монтажник пластиковых окон;Рабочий персонал;
монтажник по монтажну СТ и ЖБК;Рабочий персонал;
Монтажник по монтажу стальных и железобетонных конструкций;Рабочий персонал;
Монтажник рекламных изделий;Рабочий персонал;
монтажник санитарно технических систем и оборудования;Рабочий персонал;
Монтажник связи;Рабочий персонал;
Монтажник систем вентиляции;Рабочий персонал;
Монтажник Систем вентиляции и кондиционирования воздуха;Рабочий персонал;
Монтажник Технологических Трубопроводов;Рабочий персонал;
Монтажник технологических трубопроводов 5 р.;Рабочий персонал;
монтажник технологических трубопроводов, инженер по эксплуатации гусеничных и колесных машин;Рабочий персонал;
монтажник технологического оборудования;Рабочий персонал;
Монтажник тт;Рабочий персонал;
монтажник, инженер;Рабочий персонал;
Монтажница 3 его разряда;Рабочий персонал;
монтер пути;Рабочий персонал;
Монтёр пути;Рабочий персонал;
Морской инженер;;
моториста;;
Мошинист экскаватора;;
мужской мастер;;
Мужской парикмахер ;;
Музыкальный руководитель;;
Музыкальный руководитель в д/с;;
Муниципальный служащий;;
мучница;;
Мчс;;
Наборщик текста;;
наладчик;;
Наладчик деревообрабатывающего оборудования;;
Наладчик полиграфического оборудования;;
наладчик станков;;
наладчик станков с ЧПУ 6 разряда, технолог программист станков с ЧПУ;;
Наладчик технологического оборудования;;
Налоговик;;
Налоговый инспектор;;
Наполнитель бытовых баллонов;;
Настройщик приборов электронной техники;;
научный сотрудник;;
Нач.участка. Механик. Экскаваторщик. Водитель;Высший и средний менеджмент;
Начальник;Высший и средний менеджмент;
начальник / руководитель отдела;Высший и средний менеджмент;
Начальник абонентского отдела;Высший и средний менеджмент;
Начальник автоколонны;Высший и средний менеджмент;
Начальник АХО;Высший и средний менеджмент;
Начальник или заместитель начальника отдела;Высший и средний менеджмент;
Начальник инкассации;Высший и средний менеджмент;
Начальник ИТ отдела;Высший и средний менеджмент;
Начальник караула , командир отделения пожарной , газоспасательной служб;Высший и средний менеджмент;
начальник конвоя;Высший и средний менеджмент;
начальник контрольно ревизионного отдела;Высший и средний менеджмент;
начальник материального отдела;Высший и средний менеджмент;
Начальник отдела;Высший и средний менеджмент;
Начальник отдела закупок, начальник бюро закупок;Высший и средний менеджмент;
Начальник отдела кадров;Высший и средний менеджмент;
Начальник отдела кадров/специалист;Высший и средний менеджмент;
Начальник отдела комплектации капитального строительства.;Высший и средний менеджмент;
Начальник отдела материально технического обеспечения;Высший и средний менеджмент;
Начальник отдела по реализации молодежной политики;Высший и средний менеджмент;
начальник отдела продаж;Высший и средний менеджмент;
Начальник отдела рекламы;Высший и средний менеджмент;
Начальник отдела управления персоналом;Высший и средний менеджмент;
Начальник отдела учета страховых операций;Высший и средний менеджмент;
Начальник отдела, администратор по работе с клиентами;Высший и средний менеджмент;
Начальник отдела, ведущий юрисконсульт;Высший и средний менеджмент;
Начальник отдела, начальник управления;Высший и средний менеджмент;
Начальник охраны;Высший и средний менеджмент;
Начальник пожарной части;Высший и средний менеджмент;
Начальник пресс службы;Высший и средний менеджмент;
Начальник производства;Высший и средний менеджмент;
Начальник СБ;Высший и средний менеджмент;
начальник склада;Высший и средний менеджмент;
Начальник службы безопасности;Высший и средний менеджмент;
Начальник службы приема и размещения;Высший и средний менеджмент;
Начальник службы эксплуатации депо;Высший и средний менеджмент;
Начальник службы, инженер;Высший и средний менеджмент;
Начальник смены;Высший и средний менеджмент;
Начальник смены склада;Высший и средний менеджмент;
Начальник среднего звена;Высший и средний менеджмент;
начальник структурного подразделения;Высший и средний менеджмент;
Начальник транспортного цеха;Высший и средний менеджмент;
Начальник управления;Высший и средний менеджмент;
Начальник Управления (Департамента);Высший и средний менеджмент;
Начальник управления логистики и мто;Высший и средний менеджмент;
начальник участка;Высший и средний менеджмент;
Начальник участка (в прочих отраслях);Высший и средний менеджмент;
Начальник участка (в строительстве);Высший и средний менеджмент;
начальник участка ИТР;Высший и средний менеджмент;
начальник участка, инженер;Высший и средний менеджмент;
Начальник участка, Управляющий, Инспектор, Ментор,Мастер.;Высший и средний менеджмент;
начальник хозяйственного отдела;Высший и средний менеджмент;
Начальник цеха;Высший и средний менеджмент;
Начальник цеха, отдела;Высший и средний менеджмент;
Начальник электромонтажного участка;Высший и средний менеджмент;
Начальник юридического отдела;Высший и средний менеджмент;
Начальник/заместитель начальника юридического отдела/старший юрист/юрисконсульт;Высший и средний менеджмент;
Начинающий программист;;
начинающий специалист;;
Начинающий специалист по кадровому делопроизводству;;
Не имеет значения;;
не требующая специальной профессиональной подготовки;;
Нет;;
НКРП;;
Нянечка;Наука, образование;
нянечка в детский сад;Наука, образование;
Няня;Домашний, обслуживающий персонал;
Няня ;Домашний, обслуживающий персонал;
Обвальщик мяса;;
обивщик мебели;;
Обмотчик электродвигателей, сторож(вахтер);;
Обработка рыбы и море продуктов;;
обработчик рыбы;;
Обработчик справочного и информационного материала;;
Обрезчик материалов;;
Обрубщик;;
Обрубщик сучьев;;
обувщик;;
Общественные работы;;
овощевод;;
огнеупорщик;;
Озеленитель;;
опер;Административный персонал;
оператор;Административный персонал;
Оператор 1 С;Административный персонал;
Оператор 1С;Административный персонал;
оператор 1С, WMS;Административный персонал;
Оператор абонентского отдела. Оператор по приему платежей.;Административный персонал;
Оператор автаматической линии;Административный персонал;
Оператор автомата по производству полуфабрикатов;Административный персонал;
оператор автоматизированного процесса производства;Административный персонал;
оператор автоматический и полуавтоматических линий;Административный персонал;
Оператор АЗС;Административный персонал;
Оператор баз данных;Административный персонал;
Оператор базы данных;Административный персонал;
оператор бетонного завода;Административный персонал;
Оператор бульдозера;Административный персонал;
оператор в 1С;Административный персонал;
Оператор видеонаблюдения;Административный персонал;
Оператор газовой котельной;Административный персонал;
Оператор данных;Административный персонал;
Оператор деревообрабатывающих станков;Административный персонал;
Оператор ДНГ;Административный персонал;
Оператор заправочных станций;Административный персонал;
Оператор заправщик;Административный персонал;
Оператор информационных систем;Административный персонал;
Оператор кассир;Административный персонал;
Оператор колл центра;Административный персонал;
оператор конвейера;Административный персонал;
Оператор котельной;Административный персонал;
Оператор лазерной резки;Административный персонал;
Оператор лесозаготовительной техники;Административный персонал;
оператор линии;Административный персонал;
Оператор линии в производстве пищевой продукции (ВИВАТА 235П);Административный персонал;
Оператор линии производства;Административный персонал;
оператор линии этикитирования;Административный персонал;
Оператор линии, укладчик упаковщик;Административный персонал;
Оператор машинного даения;Административный персонал;
Оператор машинного доения;Административный персонал;
Оператор Механизированой Подачи смеси;Административный персонал;
Оператор монтажер;Административный персонал;
Оператор на домашнем ПК;Административный персонал;
оператор на пункт выдачи интернет заказов;Административный персонал;
Оператор на телефон;Административный персонал;
оператор оборудования;Административный персонал;
Оператор оборудования с программным управлением;Административный персонал;
оператор очистных сооружений;Административный персонал;
Оператор парковки, кассир;Административный персонал;
Оператор паровых котлов;Административный персонал;
Оператор ПК;Административный персонал;
Оператор ПК   Бухгалтер;Административный персонал;
Оператор пк, кассир;Административный персонал;
оператор ПК, секретарь, дизайнер;Административный персонал;
Оператор пк, товаровед;Административный персонал;
Оператор ПК, фактуровщик ,рассмотрю другие вакансии;Административный персонал;
Оператор ПК/кассир;Административный персонал;
оператор по добыче нефти игаза;Административный персонал;
Оператор по закупкам;Административный персонал;
Оператор по обработке перевозных документов;Административный персонал;
Оператор по обслуживанию и ремонту вагонов и контейнеров;Административный персонал;
Оператор по первичной документации;Административный персонал;
оператор по работе с физ. лицами;Административный персонал;
Оператор по учёту ГСМ;Административный персонал;
Оператор Прачечной;Административный персонал;
Оператор производства;Административный персонал;
оператор производственного участка;Административный персонал;
оператор производственной линии;Административный персонал;
Оператор производственной линии.;Административный персонал;
оператор птицефабрик;Административный персонал;
оператор птицефабрик и механизированных ферм;Административный персонал;
оператор пульта видеонаблюдения;Административный персонал;
Оператор пульта управления;Административный персонал;
Оператор пульта управления, помощник;Административный персонал;
Оператор свинокомплекса;Административный персонал;
Оператор связи;Административный персонал;
Оператор связи ( общественные работы);Административный персонал;
оператор склада;Административный персонал;
Оператор сновального оборудования;Административный персонал;
Оператор станка;Административный персонал;
оператор станка с ЧПУ;Административный персонал;
оператор станков;Административный персонал;
ОПЕРАТОР СТАНКОВ ПУ;Административный персонал;
Оператор станков с ПУ;Административный персонал;
оператор станков с чпу;Административный персонал;
Оператор станков ЧПУ;Административный персонал;
Оператор стиральных машин;Административный персонал;
оператор СЦ;Административный персонал;
Оператор теплового пункта;Административный персонал;
Оператор технологических установок;Административный персонал;
Оператор товарный, слесарь;Административный персонал;
оператор торцовки;Административный персонал;
Оператор фасовочно упаковочных установок;Административный персонал;
Оператор фронтального погрузчика машинист автогрейдера;Административный персонал;
Оператор цифровой печати;Административный персонал;
Оператор ЧПУ;Административный персонал;
Оператор швейного обородувания;Административный персонал;
оператор швейного оборудования;Административный персонал;
Оператор штукатурных станций;Административный персонал;
оператор ЭВМ;Административный персонал;
Оператор электрокотельной;Административный персонал;
Оператор электронно вычислительных и вычислительных машин;Административный персонал;
Оператор электронно вычислительных машин;Административный персонал;
Оператор электронно вычислительных машин,диспетчер;Административный персонал;
Оператор call центра;Административный персонал;
Оператор call центра, официант, продавец, библиотекарь;Административный персонал;
Оператор, продовец консультант, упаковщица;Административный персонал;
Оператор, сотрудник на удалённую работу;Административный персонал;
оператор,администратор,соц.работник;Административный персонал;
Оператор,логист;Административный персонал;
Оператор,работа с компьютером;Административный персонал;
Оператор,Рабочий,Менеджер;Административный персонал;
Операционист склада готовой продукции;Административный персонал;
Организатор;;
Организатор по спортивно оздоровительному отдыху;;
организатор праздников и досуга;;
осмотрщик  ремонтник вагонов;;
отдел кадров;;
отделочник;;
Отряд мэра;;
Офис;Административный персонал;
Офис   менеджер;Административный персонал;
офис менеджер;Административный персонал;
Офис менеджер , ассистент;Административный персонал;
Офис менеджер, администратор;Административный персонал;
Офис менеджер, кадровик, помощник юриста;Административный персонал;
Офис менеджер, помощник руководителя;Административный персонал;
офис менеджер, секретарь, администратор рецепции, координатор, специалист СЦ;Административный персонал;
Офис менеджер, секретарь, специалист технической документации;Административный персонал;
Офис Менеждер;Административный персонал;
офисный работник;Административный персонал;
офисный сотрудник;Административный персонал;
Официант;Спортивные клубы, фитнес, салоны красоты;
Официант ,продавец ,;Спортивные клубы, фитнес, салоны красоты;
Официант, бармен;Спортивные клубы, фитнес, салоны красоты;
Официантка;Спортивные клубы, фитнес, салоны красоты;
оформитель технической документации;;
охотовед;;
Охрана;Безопасность;
Охрана служба безопастности;Безопасность;
Охрана, вахтер;Безопасность;
Охрана.;Безопасность;
охраник;Безопасность;
Охраник , Водитель;Безопасность;
Охранник;Безопасность;
охранник  водитель;Безопасность;
охранник (сторож);Безопасность;
охранник 4 разраяда;Безопасность;
охранник 4 разряда;Безопасность;
Охранник водитель;Безопасность;
Охранник с обучением;Безопасность;
Охранник, Вахтер, консьерж;Безопасность;
Охранник, водитель;Безопасность;
Охранник, ночной сторож;Безопасность;
охранник, пекарь,дворник;Безопасность;
Охранник, Повар;Безопасность;
охранник, продавец;Безопасность;
охранник, разнорабочий;Безопасность;
Охранник, старший смены;Безопасность;
Охранник, сторож;Безопасность;
охранник,слесарь по ремонту автомобилей;Безопасность;
Охранник. Подсобный рабочий.;Безопасность;
оценщик изделий из драгметаллов;;
Парикмахер;Спортивные клубы, фитнес, салоны красоты;
Парикмахер колорист;Спортивные клубы, фитнес, салоны красоты;
Парикмахер универсал;Спортивные клубы, фитнес, салоны красоты;
Парикмахер, колорист;Спортивные клубы, фитнес, салоны красоты;
ПАРИКХМАХЕР;Спортивные клубы, фитнес, салоны красоты;
пасечник;;
Паспортист;;
педагог;Наука, образование;
Педагог  концертмейстер;Наука, образование;
педагог  организатор;Наука, образование;
Педагог дополнительного образования;Наука, образование;
педагог дополнительного образования (хореография);Наука, образование;
Педагог математики;Наука, образование;
Педагог музыки или дополнительного образования;Наука, образование;
Педагог организатор;Наука, образование;
Педагог организатор в свободное от учёбы время;Наука, образование;
Педагог по вокалу;Наука, образование;
Педагог по подготовке к школе;Наука, образование;
Педагог по физической культуре и спорту;Наука, образование;
педагог психолог;Наука, образование;
педагог психолог, специалист по реабилитационной работе в социальной сфере, специалист по раннему развитию;Наука, образование;
педагог технологии;Наука, образование;
Педагог экономист;Наука, образование;
Педагог, Административный персонал;Наука, образование;
Пекарь;Туризм, гостиницы, рестораны;
пекарь ,сыровар;Туризм, гостиницы, рестораны;
пекарь кондитер;Туризм, гостиницы, рестораны;
Пекарь повар;Туризм, гостиницы, рестораны;
Пекарь,кухоный работник;Туризм, гостиницы, рестораны;
пекарь.;Туризм, гостиницы, рестораны;
Первый помощник вожатого;;
Переводчик;Административный персонал;
Переводчик английского языка;Административный персонал;
Переводчик с английского на русский (авиация);Административный персонал;
Перевозка опасных грузов .водитель кат е;;
переплетчик;;
Переплётчик;;
Персональный водитель;Домашний, обслуживающий персонал;
персональный фитнес тренер;Домашний, обслуживающий персонал;
Персональный/семейный водитель;Домашний, обслуживающий персонал;
пескоструйщик;;
Пилот;;
Пильщик на пилах ножовках и станках;;
Письменный переводчик;;
Плиточник;Строительство, недвижимость;
Плиточник каменьщик;Строительство, недвижимость;
Плотник;Строительство, недвижимость;
ПЛОТНИК СТОЛЯР;Строительство, недвижимость;
Плотник, автослесарь;Автомобильный бизнес;
плотник, кровельщик, слесарь механосборочных работ;Строительство, недвижимость;
По месту прописки, продавец, фасовщик товара, уборщица;;
По специальности;;
Повар;Туризм, гостиницы, рестораны;
повар  кондитер;Туризм, гостиницы, рестораны;
Повар  универсал;Туризм, гостиницы, рестораны;
Повар 3 разряда;Туризм, гостиницы, рестораны;
Повар 4 разряда;Туризм, гостиницы, рестораны;
Повар бригадир;Туризм, гостиницы, рестораны;
Повар заготовщик;Туризм, гостиницы, рестораны;
повар кондитер;Туризм, гостиницы, рестораны;
Повар кондитер ;Туризм, гостиницы, рестораны;
Повар помощник повара;Туризм, гостиницы, рестораны;
Повар производства;Туризм, гостиницы, рестораны;
Повар раздатчик;Туризм, гостиницы, рестораны;
Повар раздачи;Туризм, гостиницы, рестораны;
повар судовой;Туризм, гостиницы, рестораны;
повар универсал;Туризм, гостиницы, рестораны;
Повар Холодного Цеха;Туризм, гостиницы, рестораны;
Повар, буфетчик, бармен.;Туризм, гостиницы, рестораны;
Повар, гостиничный сервис, продавец, администратор;Туризм, гостиницы, рестораны;
Повар, зав производством;Туризм, гостиницы, рестораны;
повар, кондитер;Туризм, гостиницы, рестораны;
Повар, пекарь;Туризм, гостиницы, рестораны;
Повар, помощник повара, нянечка;Туризм, гостиницы, рестораны;
Повар,помощник повара,заготовщик;Туризм, гостиницы, рестораны;
Повор;Туризм, гостиницы, рестораны;
Погрузчик;Рабочий персонал;
подготовитель пищевого сырья;Рабочий персонал;
Подобный рабочий;Рабочий персонал;
Подработка;Рабочий персонал;
Подручный сталевара электропечи;Рабочий персонал;
Подсобная работа;Рабочий персонал;
Подсобнорабочий;Рабочий персонал;
подсобные рабочие;Рабочий персонал;
подсобный;Рабочий персонал;
подсобный работник;Рабочий персонал;
Подсобный рабочии;Рабочий персонал;
подсобный рабочий;Рабочий персонал;
Подсобный рабочий ;Рабочий персонал;
Подсобный рабочий ( школьник) Галополимер;Рабочий персонал;
Подсобный рабочий (г.о.Щёлково);Рабочий персонал;
подсобный рабочий (Заевская школа);Рабочий персонал;
подсобный рабочий (учащийся);Рабочий персонал;
"Подсобный рабочий (школьник КОГОАУ ""Гимназия №1 г. Кирово Чепецка"")";Рабочий персонал;
Подсобный рабочий (школьник КОГОБУ СШ пгт Свеча Кировской области);Рабочий персонал;
Подсобный рабочий (школьник КОГОБУ СШ с. Верхосунье);Рабочий персонал;
подсобный рабочий 1 разряда;Рабочий персонал;
Подсобный рабочий Гармония 18;Рабочий персонал;
Подсобный рабочий до 18 лет;Рабочий персонал;
подсобный рабочий или младший культорганизатор;Рабочий персонал;
Подсобный рабочий Лицей;Рабочий персонал;
Подсобный рабочий Лицей#6;Рабочий персонал;
Подсобный рабочий МБОУ Устьинская СОШ;Рабочий персонал;
подсобный рабочий ор;Рабочий персонал;
Подсобный рабочий школа №31;Рабочий персонал;
подсобный рабочий, бетонщик;Рабочий персонал;
ПОДСОБНЫЙ РАБОЧИЙ, МАЛЯР, УПАКОВЩИК;Рабочий персонал;
Подсобный Рабочий.Сторож.;Рабочий персонал;
"Подсобный рабочий(МБОУ ""СОШ № 27 пгт Смоляниново"")";Рабочий персонал;
Подсобный рабочий(подросток);Рабочий персонал;
подсобный рабочий(рабочий по комплексной уборке, дворник);Рабочий персонал;
Подсобный рабочий(трудоустройство несовершеннолетних);Рабочий персонал;
Подсобный рабочий(Фрязино);Рабочий персонал;
подсобный рабрчий;Рабочий персонал;
Подсобный роботник;Рабочий персонал;
Подсобный робочий;Рабочий персонал;
Подсобный у;Рабочий персонал;
подсобным рабочим;Рабочий персонал;
Подсобый рабочий;Рабочий персонал;
подсобынй рабочий;Рабочий персонал;
Пожарный;;
Поиск работы;;
Полировщик автомобилей;Автомобильный бизнес;
Полицейский;Безопасность;
Полицейский охраны и конвоирования ИВС;Безопасность;
Полиция;Безопасность;
Помбур;;
Помошник вожатого;;
помошник воспитателя;;
Помошник машинист тепловоза;;
Помошник повара;;
Помошник программиста;;
Помошник руководителя,секретарь,специалист в отделе;;
Помощник;;
помощник администратора;;
Помощник бурильщик;;
помощник бурильщика;;
Помощник бурильщика ЭиРБС;;
Помощник буровой установки;;
Помощник бухгалтера;;
Помощник вет врача;;
помощник вожатого;;
Помощник воспитатель детского сада;;
Помощник воспитателя;;
Помощник воспитателя , Няня.;;
Помощник воспитателя, учитель технологии;;
Помощник генерального директора;;
помощник главного инженера проекта, помощник руководителя;;
Помощник Главного инженера проектов;;
Помощник дворника;;
помощник депутата;;
"Помощник дизайнера; дизайнер; художник; иллюстратор";;
помощник комбайнера;;
Помощник конструктора одежды, ученик закройщика;;
Помощник координатора по работе с молодежью;;
помощник культорганизатора;;
помощник машиниста;;
Помощник машиниста буровой установки;;
Помощник машиниста локомотива;;
Помощник машиниста тепловоза;;
помощник машиниста тепловоза,электровоза;;
помощник мирового судьи или секретарь;;
Помощник организатора мероприятий;;
помощник педагога организатора;;
Помощник пекаря;Спортивные клубы, фитнес, салоны красоты;
Помощник по делопроизводству;Спортивные клубы, фитнес, салоны красоты;
Помощник по кухне;Спортивные клубы, фитнес, салоны красоты;
Помощник повар;Спортивные клубы, фитнес, салоны красоты;
Помощник повара;Спортивные клубы, фитнес, салоны красоты;
Помощник повара ;Спортивные клубы, фитнес, салоны красоты;
Помощник повара кондитера;Спортивные клубы, фитнес, салоны красоты;
помощник повара, уборщица помещения;Спортивные клубы, фитнес, салоны красоты;
Помощник повора;Спортивные клубы, фитнес, салоны красоты;
помощник подсобного рабочего;;
помощник продавца;Розничная торговля;
помощник продавца консультант;Розничная торговля;
Помощник психолога;;
помощник пчеловода;;
Помощник рабочего по уборке территории;;
Помощник руководителя;;
Помощник руководителя клуба;;
помощник руководителя кружка;;
Помощник руководителя проекта;;
Помощник руководителя, администратор, архивариус, журналист, корреспондент, специалист по связям с общественностью, сотрудник пресс службы;;
помощник руководителя,офис менеджер, специалист по кадрам,юрист,социальный работник;;
Помощник специалиста (лето);;
Помощник специалиста (общественные работы   0917);;
Помощник специалиста (осень);;
помощник судового механика;;
помощник типографа;;
помощник уборщика служебных помещений;;
Помощник юриста;;
Помощник юриста, сотрудник органов правопорядка;;
Помощник, курьер, уборщик, разнорабочий;;
помощником воспитателя;;
Портная;Производство, сервисное обслуживание;
портной;Производство, сервисное обслуживание;
Портной ;Производство, сервисное обслуживание;
портной переобучение;Производство, сервисное обслуживание;
Портной, закройщик;Производство, сервисное обслуживание;
Портье;;
пособный рабочий;;
посудница;Домашний, обслуживающий персонал;
посудомойщик;Домашний, обслуживающий персонал;
посудомойщица;Домашний, обслуживающий персонал;
ПОСУДОМОЙЩИЦА, УБОРЩИК;Домашний, обслуживающий персонал;
Почтальон;Домашний, обслуживающий персонал;
Почтальон, санитарка, социальный работник;Домашний, обслуживающий персонал;
почтальон, уборщик;Домашний, обслуживающий персонал;
Правовед;;
Практика;;
Практический психолог;;
прачка;;
предприниматель;Наука, образование;
Представитель в аэропорт;Наука, образование;
Преподаватель;Наука, образование;
Преподаватель ;Наука, образование;
Преподаватель английского языка;Наука, образование;
Преподаватель английского языка.;Наука, образование;
Преподаватель вокала;Наука, образование;
преподаватель географии и биологии, инструктор трудового обучения;Наука, образование;
Преподаватель математики;Наука, образование;
Преподаватель музыки;Наука, образование;
Преподаватель технических дисциплин;Наука, образование;
преподаватель физической культуры;Наука, образование;
преподаватель физкультуры;Наука, образование;
Преподаватель, ассистент кафедры;Наука, образование;
Преподаватель, зав.лабораторией (в средней школе);Наука, образование;
Преподаватель,менеджер,бухгалтер;Наука, образование;
Преподаватель( учитель) изо;Наука, образование;
Преподаватель(средняя школа);Наука, образование;
Преподователь;Наука, образование;
Преподователь дошкольной педагогики и психологии;Наука, образование;
пресс секретарь;;
Прессовщик;;
Прессовщик вулканизаторщик;;
Прессовщик лома и отходов металла;;
Прессовщик огнеупорных изделий;;
Прессовщик отжимщик;;
Прессовщик, охрана;;
приемосдатчик, кладовщик;;
Приемосдачик;;
Приёмщик;;
ПРИЕМЩИК ЗАКАЗОВ;;
Про;;
Пробоотборщик;;
провизор аналитик;;
Проводник пассажирского вагона;;
Проводник пассажирского транспорта, билетный кассир;;
Програмист;Информационные технологии;
Программист;Информационные технологии;
Программист (Junior C# разработчик);Информационные технологии;
Программист 1С;Информационные технологии;
Программист C#;Информационные технологии;
программист, специалист;Информационные технологии;
Программист(фронт энд);Информационные технологии;
прогроммист;Информационные технологии;
Продавец;Продажи, обслуживание клиентов;
продавец   кассир;Продажи, обслуживание клиентов;
Продавец   консультант;Продажи, обслуживание клиентов;
Продавец  кассир;Продажи, обслуживание клиентов;
Продавец  консультант;Продажи, обслуживание клиентов;
Продавец  консультант, кассир, администратор;Продажи, обслуживание клиентов;
продавец , кондитер, администратор.;Продажи, обслуживание клиентов;
продавец 1 класса;Продажи, обслуживание клиентов;
Продавец за прилавок, упаковщица;Продажи, обслуживание клиентов;
Продавец исскуственых и живых цветов, Уборщица;Продажи, обслуживание клиентов;
Продавец кассир;Продажи, обслуживание клиентов;
Продавец кассир консультант;Продажи, обслуживание клиентов;
продавец кассир П.180;Продажи, обслуживание клиентов;
продавец кассир, повар;Продажи, обслуживание клиентов;
продавец кассир, продавец;Продажи, обслуживание клиентов;
Продавец кондитерских изделий;Продажи, обслуживание клиентов;
продавец консултант;Продажи, обслуживание клиентов;
Продавец консультан;Продажи, обслуживание клиентов;
Продавец консультант;Продажи, обслуживание клиентов;
продавец консультант ,администратор;Продажи, обслуживание клиентов;
продавец консультант, грузчик ,автомеханик;Продажи, обслуживание клиентов;
Продавец консультант, помощник бухгалтера;Продажи, обслуживание клиентов;
"продавец консультант; менеджер по продажам; оператор ЭВМ";Продажи, обслуживание клиентов;
Продавец консультант.;Продажи, обслуживание клиентов;
ПРОДАВЕЦ КОНТРОЛЕР;Продажи, обслуживание клиентов;
Продавец кссир;Продажи, обслуживание клиентов;
Продавец менеджер;Продажи, обслуживание клиентов;
Продавец на выкладку товара;Продажи, обслуживание клиентов;
Продавец на выклудку товара, одежды, помошник воспитателя, администатор;Продажи, обслуживание клиентов;
Продавец не продовольственных товаров;Продажи, обслуживание клиентов;
продавец непродавольственных товаров;Продажи, обслуживание клиентов;
продавец непродовольственных и продовольственных товаров;Продажи, обслуживание клиентов;
продавец непродовольственных товаров;Продажи, обслуживание клиентов;
Продавец п 180;Продажи, обслуживание клиентов;
Продавец П. 180;Продажи, обслуживание клиентов;
Продавец прод. товаров;Продажи, обслуживание клиентов;
продавец продовольственных и непродовольственных товаров;Продажи, обслуживание клиентов;
Продавец продовольственных товаров;Продажи, обслуживание клиентов;
Продавец продовольственных товаров , продавец консультант;Продажи, обслуживание клиентов;
Продавец пром.товаров;Продажи, обслуживание клиентов;
Продавец розничной торговли;Продажи, обслуживание клиентов;
Продавец сантехники;Продажи, обслуживание клиентов;
Продавец универсал, продавец консультант;Продажи, обслуживание клиентов;
Продавец широкого профиля;Продажи, обслуживание клиентов;
Продавец электронной техники;Продажи, обслуживание клиентов;
Продавец, администратор;Продажи, обслуживание клиентов;
Продавец, бухгалтер;Продажи, обслуживание клиентов;
Продавец, водитель а/м;Продажи, обслуживание клиентов;
Продавец, кассир;Продажи, обслуживание клиентов;
Продавец, кладовщик, оператор;Продажи, обслуживание клиентов;
продавец, кухонный работник;Продажи, обслуживание клиентов;
Продавец, кухонный рабочий;Продажи, обслуживание клиентов;
Продавец, мерчендайзер;Продажи, обслуживание клиентов;
Продавец, оператор ЭВМ;Продажи, обслуживание клиентов;
Продавец, официант;Продажи, обслуживание клиентов;
Продавец, повар;Продажи, обслуживание клиентов;
Продавец, сторож, разнорабочий, тракторист;Продажи, обслуживание клиентов;
Продавец, уборщица, диспетчер;Продажи, обслуживание клиентов;
продавец, упаковщик;Продажи, обслуживание клиентов;
Продавец, Фасовщик, упаковщик;Продажи, обслуживание клиентов;
Продавец,кухонный работник;Продажи, обслуживание клиентов;
Продавец,продавец кассир;Продажи, обслуживание клиентов;
Продавец,специалист;Продажи, обслуживание клиентов;
Продавец,товаровед;Продажи, обслуживание клиентов;
Продавца;Продажи, обслуживание клиентов;
продавщица;Продажи, обслуживание клиентов;
продацев;Продажи, обслуживание клиентов;
продовец;Продажи, обслуживание клиентов;
продовец В пивной Бар, Магазин;Продажи, обслуживание клиентов;
Продовец консультант;Продажи, обслуживание клиентов;
Продукт / проект менеджер;Информационные технологии;
Продюсер;;
Проектировщик;;
Проектный менеджер;Информационные технологии;
Проектный специалист дизайнер/художник декоратор;Информационные технологии;
Производитель работ;;
Производитель работ (прораб);;
производитель электромонтажных работ;;
промоутер;;
Промоутер, почтальон, курьер;;
Промышленный альпинист;;
Прораб;Строительство, недвижимость;
прораб снабженец;Строительство, недвижимость;
Прораб, мастер участка;Строительство, недвижимость;
прораб. супервайзер, менеджер по продажам;Строительство, недвижимость;
Проходчик;;
Психолог;Наука, образование;
Психолог консультант;Наука, образование;
Психолог педагог;Наука, образование;
Психолог педагог, офисная работа;Наука, образование;
Психолог, Воспитатель;Наука, образование;
Психолог, педагог;Наука, образование;
Психолог, преподаватель психологии;Наука, образование;
Птицевод;;
пчеловод;;
Работа в аквапарке;Рабочий персонал;
работа в детском саду;Рабочий персонал;
Работа летом (школа 15);Рабочий персонал;
Работа летом (школа 30);Рабочий персонал;
Работа летом (школа 45);Рабочий персонал;
Работа летом( школа 30);Рабочий персонал;
Работа на производстве;Рабочий персонал;
Работа с детьми ,работа в сфере дизайна и искусства;;
Работник;Рабочий персонал;
Работник   универсал;Рабочий персонал;
работник комплексного обслуживания;Рабочий персонал;
Работник общепита (кухня);Рабочий персонал;
работник озеленитель;Рабочий персонал;
Работник по благоустройству;Рабочий персонал;
Работник по гоплоустройству населенных пунктов;Рабочий персонал;
Работник склада;Рабочий персонал;
Работник социальной сферы;Рабочий персонал;
работник торгового зала;Рабочий персонал;
Работник универсал;Рабочий персонал;
Работы, не требующие квалификации;Рабочий персонал;
рабочая;Рабочий персонал;
рабочая по благоустройству;Рабочий персонал;
Рабочая по уборки служебных помещений;Рабочий персонал;
рабочие по благоустройству населенных пунктов;Рабочий персонал;
Рабочие специальности;Рабочий персонал;
рабочий;Рабочий персонал;
Рабочий ;Рабочий персонал;
рабочий , водитель авто или кары;Рабочий персонал;
рабочий зеленного строительства;Рабочий персонал;
Рабочий зеленого строительства;Рабочий персонал;
Рабочий зелёного строительства;Рабочий персонал;
рабочий зеленого хозяйства;Рабочий персонал;
Рабочий зелёного хозяйства;Рабочий персонал;
Рабочий зеленого хозяйства ;Рабочий персонал;
рабочий зеленого хозяйства (тос);Рабочий персонал;
Рабочий зелёного хозяйства 3 го разряда;Рабочий персонал;
рабочий морга;Рабочий персонал;
Рабочий на пришкольном участке;Рабочий персонал;
Рабочий на производство;Рабочий персонал;
рабочий на тушение пожаров, вальщик леса, разнорабочий;Рабочий персонал;
Рабочий персонал;Рабочий персонал;
рабочий по благоустройству;Рабочий персонал;
Рабочий по благоустройству населенного пункта;Рабочий персонал;
Рабочий по благоустройству населенных пунктов;Рабочий персонал;
Рабочий по благоустройству населённых пунктов;Рабочий персонал;
Рабочий по благоустройству населенных пунктов 1 разряда;Рабочий персонал;
Рабочий по благоустройству села;Рабочий персонал;
рабочий по благоустройству территории;Рабочий персонал;
Рабочий по благоустройству территорий;Рабочий персонал;
рабочий по комплексной уборке и содержанию домовладений;Рабочий персонал;
рабочий по комплексному обслуживанию;Рабочий персонал;
рабочий по комплексному обслуживанию (Сервис Восток);Рабочий персонал;
рабочий по комплексному обслуживанию зданий;Рабочий персонал;
рабочий по комплексному обслуживанию зданий и сооружений;Рабочий персонал;
рабочий по комплексному обслуживанию и ремонта зданий;Рабочий персонал;
Рабочий по комплексному обслуживанию и ремонту зданий;Рабочий персонал;
Рабочий по комплексному обслуживанию и ремонту здания;Рабочий персонал;
рабочий по комплексному обслуживания здания;Рабочий персонал;
рабочий по комплексному ремонту зданий;Рабочий персонал;
Рабочий по комплексу обслуживанию зданий и сооружений;Рабочий персонал;
рабочий по комплесному ремонту и обслуживанию зданий;Рабочий персонал;
рабочий по обслуживанию здания;Рабочий персонал;
Рабочий по осмотру территорий;Рабочий персонал;
Рабочий по ремонту и обслуживанию зданий;Рабочий персонал;
Рабочий по ремонту и обслуживанию зданий и сооружений;Рабочий персонал;
рабочий по уходу за животными;Рабочий персонал;
Рабочий УГХ;Рабочий персонал;
Рабочий, кочегар;Рабочий персонал;
Радио монтажник;Рабочий персонал;
радиомеханик;Рабочий персонал;
Радиомонтажник;Рабочий персонал;
Разнарабочий;Рабочий персонал;
Разнарабочый;Рабочий персонал;
Разнаробочий;Рабочий персонал;
Разноабчий;Рабочий персонал;
Разнорабочая;Рабочий персонал;
разнорабочий;Рабочий персонал;
Разнорабочий ;Рабочий персонал;
Разнорабочий (ИЦ СВЭМ);Рабочий персонал;
разнорабочий (Новая школа);Рабочий персонал;
Разнорабочий 2 разряда;Рабочий персонал;
Разнорабочий 5 разряда;Рабочий персонал;
разнорабочий в свободное от учебы время;Рабочий персонал;
разнорабочий строитель;Рабочий персонал;
разнорабочий, вальщик леса;Рабочий персонал;
Разнорабочий, грузчик, фасовщик, упаковщик, комплектовщик;Рабочий персонал;
разнорабочий, дворник, пекарь.;Рабочий персонал;
Разнорабочий, кладовщик грузчик;Рабочий персонал;
Разнорабочий, официант;Рабочий персонал;
разнорабочий, подсобный рабочий, грузчик;Рабочий персонал;
Разнорабочий, продавец;Рабочий персонал;
Разнорабочий,охранник;Рабочий персонал;
разнорабочий..;Рабочий персонал;
Разнорабочий.машинист кочегар котельной;Рабочий персонал;
Разнорабочим;Рабочий персонал;
Разнораюочий;Рабочий персонал;
Разноробочий;Рабочий персонал;
Разработка веб и мультимедийных приложений;;
Раскатчик, промерщик, разбраковщик ткани;;
Расклейщик объявлений;;
Раскройщик;Рабочий персонал;
раскройщица;;
Распределитель работ;;
Рассмотрю любые варианты;;
Рассмотрю разные предложения о работе;;
Реализатор продажи цветов;Розничная торговля;
Ревизор;Розничная торговля;
Региональный директор по безопасности;Розничная торговля;
Региональный менеджер;Розничная торговля;
Региональный менеджер (территориальный).;Розничная торговля;
Региональный менеджер / руководитель обособленного подразделения;Розничная торговля;
Региональный Менеджер по продажам;Розничная торговля;
Региональный менеджер по развитию;Розничная торговля;
Региональный Представитель;Розничная торговля;
регистратор медицинский;;
Регистратор, деловод, администратор специалист социальной службы;;
Регистратор,диспетчер;;
Регулировщик РЭА и П;;
Регулировщик РЭАиП;;
Редактор корректор;;
Редактор, Копирайтер;;
Режиссёр театра, актриса;Искусство, развлечения, массмедиа;
Режиссер театрализованных представлений;Искусство, развлечения, массмедиа;
резчик на пилах ,ножовках и станках;;
Резчик пластмассовых масс;;
Резчик труб;;
Рекламный агент;;
"Ремонтная бригадная школа Муниципальное автономное общеобразовательное учреждение ""Основная общеобразовательная школа с. Комсомольское""";Производство, сервисное обслуживание;
Ремонтник искусственных сооружений;Производство, сервисное обслуживание;
Ремонтные работы;Производство, сервисное обслуживание;
Репетитор;;
Реставратор;;
Ресурсный центр;;
Ретушер;;
Риелтор, оценщик;Строительство, недвижимость;
Риэлтер, продавец непродовольственных товаров;Строительство, недвижимость;
Робота со стеклом;;
Рознорабочая;;
Рубщик;;
Руководитель;Высший и средний менеджмент;
Руководитель ( супервайзер, директор, начальник отдела продаж).;Высший и средний менеджмент;
Руководитель / Зам. Руководителя;Высший и средний менеджмент;
Руководитель административно хозяйственного отдела;Высший и средний менеджмент;
Руководитель АХЧ;Высший и средний менеджмент;
Руководитель группы, Java разработчик;Высший и средний менеджмент;
Руководитель инженерной группы, старший системный администратор;Высший и средний менеджмент;
Руководитель кадровой службы;Высший и средний менеджмент;
Руководитель коллектива;Высший и средний менеджмент;
Руководитель кружка;Высший и средний менеджмент;
Руководитель любительского творческого коллектива, преподаватель;Высший и средний менеджмент;
Руководитель направления;Высший и средний менеджмент;
Руководитель направления / отдела продаж;Высший и средний менеджмент;
Руководитель направления по работе с клиентами;Высший и средний менеджмент;
Руководитель номерного фонда;Высший и средний менеджмент;
Руководитель отдела;Высший и средний менеджмент;
Руководитель отдела кадров;Высший и средний менеджмент;
Руководитель отдела кадров, менеджер по персоналу, специалист отдела кадров;Высший и средний менеджмент;
Руководитель отдела Казначейства;Высший и средний менеджмент;
Руководитель отдела логистики / продаж / закупок;Высший и средний менеджмент;
Руководитель отдела маркетинга;Высший и средний менеджмент;
Руководитель отдела МТС, Инженер отдела комплектации, Главный специалист отдела снабжения;Высший и средний менеджмент;
Руководитель отдела Охраны Труда, Промышленной Безопасности и Охраны Окружающей Среды;Высший и средний менеджмент;
Руководитель отдела персонала;Высший и средний менеджмент;
руководитель отдела по закупкам и снабжению;Высший и средний менеджмент;
Руководитель отдела продаж;Высший и средний менеджмент;
руководитель отдела продаж турфирмы/директор;Высший и средний менеджмент;
Руководитель отдела продаж, коммерческий директор;Высший и средний менеджмент;
руководитель отдела продаж. Территориальный менеджер по продажам.;Высший и средний менеджмент;
Руководитель отдела развития;Высший и средний менеджмент;
Руководитель офиса;Высший и средний менеджмент;
Руководитель офиса / менеджер проекта;Высший и средний менеджмент;
Руководитель персонала;Высший и средний менеджмент;
Руководитель подразделения;Высший и средний менеджмент;
Руководитель предприятия;Высший и средний менеджмент;
Руководитель проекта;Высший и средний менеджмент;
Руководитель проекта   начальник участка;Высший и средний менеджмент;
Руководитель проекта / Директор / Заместитель директора;Высший и средний менеджмент;
Руководитель проектов;Высший и средний менеджмент;
Руководитель проектов / Старший специалист;Высший и средний менеджмент;
Руководитель проектов. Менеджер по управлению проектами.;Высший и средний менеджмент;
Руководитель производства;Высший и средний менеджмент;
руководитель розничной сети;Высший и средний менеджмент;
Руководитель сектора (складская логистика);Высший и средний менеджмент;
Руководитель сервиса;Высший и средний менеджмент;
Руководитель склада;Высший и средний менеджмент;
Руководитель среднего звена;Высший и средний менеджмент;
Руководитель строительного проекта;Высший и средний менеджмент;
Руководитель строительной организации;Высший и средний менеджмент;
Руководитель товарного направления;Высший и средний менеджмент;
Руководитель торгового объекта;Высший и средний менеджмент;
Руководитель транспортного отдела;Высший и средний менеджмент;
Руководитель трудового отряда;Высший и средний менеджмент;
руководитель турфирмы;Высший и средний менеджмент;
Руководитель учреждения;Высший и средний менеджмент;
Руководитель электронной торговли;Высший и средний менеджмент;
Руководитель, администратор, кадры;Высший и средний менеджмент;
Руководитель, администратор, управляющий;Высший и средний менеджмент;
Руководитель, директор ,администратор,товаровед;Высший и средний менеджмент;
руководитель, зам руководителя, специалист;Высший и средний менеджмент;
Руководитель, зам. начальника;Высший и средний менеджмент;
руководитель, заместитель руководителя, государственный или муниципальный служащий;Высший и средний менеджмент;
Руководитель, заместитель руководителя, начальник;Высший и средний менеджмент;
Руководитель, заместитель руководителя.;Высший и средний менеджмент;
Руководитель, супервайзер, менеджер по работе с ключевыми клиентами;Высший и средний менеджмент;
Руководитель, юрист;Высший и средний менеджмент;
Руководитель/ Специалист;Высший и средний менеджмент;
Руководитель/юрист;Высший и средний менеджмент;
руководить персоналом;Высший и средний менеджмент;
Руководство;Высший и средний менеджмент;
Руководящая должность;Высший и средний менеджмент;
Руководящая должность младшего состава;Высший и средний менеджмент;
Рыбак;;
Рыбак прибрежного лова;;
рыбовод;;
Рыбообработчик;;
садовник;;
самозанятый;;
Санитар;Медицина, фармацевтика;
Санитарка;Медицина, фармацевтика;
Санитарка (мойщица);Медицина, фармацевтика;
санитарка палатная;Медицина, фармацевтика;
Сантехник;Рабочий персонал;
сантехник автономных канализаций;Рабочий персонал;
Сапожник;;
сборшик  комплектовщик;;
сборщик;;
Сборщик ;;
Сборщик боеприпасов в военной части;;
Сборщик деталей;;
Сборщик заказов;;
сборщик изделий;;
Сборщик изделий, упаковщик, укладчик, грузчик;;
сборщик мебели;;
СБОРЩИК МЕТАЛЛО КОНСТРУКЦИЙ;;
Сборщик металлоконструкций в надомных условиях;;
Сборщик обуви;;
сборщик окон;;
сборщик продуктов питания;;
Сборщик Электрик;;
Сборщик электро щитового оборудования;;
Сборщик, упаковщик, комплектовщик;;
Сварщик;Производство, сервисное обслуживание;
Сварщик Алюмотермитчик;Производство, сервисное обслуживание;
Сварщик Монтажник;Производство, сервисное обслуживание;
Сварщик, Водитель категории В и С;Производство, сервисное обслуживание;
Сварщик, Слесарь;Производство, сервисное обслуживание;
Сверловщик;;
Связанное с компьютером (можно и другое);;
секретарь;Административный персонал;
Секретарь   референт, менеджер по продажам;Административный персонал;
секретарь  делопроизводитель;Административный персонал;
секретарь администратор;Административный персонал;
Секретарь делопроизводитель;Административный персонал;
СЕКРЕТАРЬ РЕФЕРЕНТ;Административный персонал;
Секретарь руководителя;Административный персонал;
Секретарь руководителя ;Административный персонал;
Секретарь руководителя, документовед;Административный персонал;
секретарь суда;Административный персонал;
Секретарь судебного заседания;Административный персонал;
Секретарь, администратор;Административный персонал;
Секретарь, архивист;Административный персонал;
Секретарь, делопроизводитель;Административный персонал;
Секретарь, делопроизводитель, кладовщик;Административный персонал;
Секретарь, кассир, специалист;Административный персонал;
Секретарь. Специалист по работе с документами. Оператор связи;Административный персонал;
Сервис координатор;Административный персонал;
Сервисный инженер;Административный персонал;
Сесарь механо сборочных рабрт;;
Сестра хозяйка;;
Сетевое и системное администрирование;Административный персонал;
Сетевой и системный администратор;Административный персонал;
сиделка;;
Сиделка, уборщица;;
Системный Администратор;;
Системный администратор, Инженер АСУ;Административный персонал;
Системный и сетевой администратор;Административный персонал;
Системный инженер / администратор;Административный персонал;
скорняк;;
Скотник;;
Следователь;;
слесарь;Производство, сервисное обслуживание;
Слесарь   ремонтник;Производство, сервисное обслуживание;
слесарь   сантехник;Производство, сервисное обслуживание;
Слесарь   сборщик радиоэлектронной аппаратуры;Производство, сервисное обслуживание;
Слесарь аварийно восстановительных работ;Производство, сервисное обслуживание;
слесарь автомеханик;Производство, сервисное обслуживание;
слесарь газопроводов;Производство, сервисное обслуживание;
слесарь инструментальщик;Производство, сервисное обслуживание;
Слесарь КиП;Производство, сервисное обслуживание;
Слесарь КИП и А;Производство, сервисное обслуживание;
слесарь КИП и СА 5 разряда, ведение КИП документации;Производство, сервисное обслуживание;
Слесарь КиПА 3разряда;Производство, сервисное обслуживание;
слесарь КИПиА;Производство, сервисное обслуживание;
Слесарь контрольно измерительных приборов и автоматики;Производство, сервисное обслуживание;
Слесарь механо сборочных работ;Производство, сервисное обслуживание;
Слесарь механосборочных работ;Производство, сервисное обслуживание;
Слесарь механосборочных работ 5 разряд;Производство, сервисное обслуживание;
слесарь монтажник металлоконструкций;Производство, сервисное обслуживание;
Слесарь мср;Производство, сервисное обслуживание;
слесарь МСР 4 6 разряд;Производство, сервисное обслуживание;
Слесарь наладчик;Производство, сервисное обслуживание;
Слесарь наладчик холодных металлов;Производство, сервисное обслуживание;
Слесарь по контрольно измерительным приборам и автоматике;Производство, сервисное обслуживание;
слесарь по пластиковым трубам;Производство, сервисное обслуживание;
Слесарь по ремонту автомобилей;Производство, сервисное обслуживание;
Слесарь по ремонту автомобилей 4 ого разряда;Производство, сервисное обслуживание;
Слесарь по ремонту автомобилей и монтажник;Производство, сервисное обслуживание;
слесарь по ремонту автомобилей, мойщик автомобилей;Производство, сервисное обслуживание;
Слесарь по ремонту автомобильных двс;Производство, сервисное обслуживание;
Слесарь по ремонту агрегатов 3 разряд;Производство, сервисное обслуживание;
слесарь по ремонту дорожно строительных машин и тракторов;Производство, сервисное обслуживание;
слесарь по ремонту котельного оборудования;Производство, сервисное обслуживание;
слесарь по ремонту котельных;Производство, сервисное обслуживание;
слесарь по ремонту оборудования;Производство, сервисное обслуживание;
Слесарь по ремонту оборудования котельных;Производство, сервисное обслуживание;
слесарь по ремонту подв. состава;Производство, сервисное обслуживание;
слесарь по ремонту подвижного состава;Производство, сервисное обслуживание;
Слесарь по ремонту сельскохозяйственных машин;Производство, сервисное обслуживание;
Слесарь по ремонту технологических установок;Производство, сервисное обслуживание;
слесарь по ремонту ТУ;Производство, сервисное обслуживание;
Слесарь по ремоту автомобиле;Производство, сервисное обслуживание;
Слесарь по сборке металлоконструкций;Производство, сервисное обслуживание;
Слесарь по системам вентиляции и кондиционирования;Производство, сервисное обслуживание;
Слесарь по установке радиоэлектронной аппаратуры;Производство, сервисное обслуживание;
Слесарь по эксплуатации и ремонту газового оборудования;Производство, сервисное обслуживание;
Слесарь по эксплуатации и ремонту подземных газопроводов;Производство, сервисное обслуживание;
Слесарь подвижного состава;Производство, сервисное обслуживание;
Слесарь ремонтник;Производство, сервисное обслуживание;
Слесарь ремонтник 4 разряда;Производство, сервисное обслуживание;
Слесарь ремонтник, газорезчик 3 разряда;Производство, сервисное обслуживание;
слесарь сантехник;Производство, сервисное обслуживание;
Слесарь сборшик;Производство, сервисное обслуживание;
Слесарь сборщик;Производство, сервисное обслуживание;
Слесарь сборщик сельхоз техники;Производство, сервисное обслуживание;
слесарь систем вентиляции и кондиционирования воздуха;Производство, сервисное обслуживание;
СЛЕСАРЬ ЭЛЕКТРИК ПО РЕМОНТУ И ОБСЛУЖИВАНИЮ ЭЛЕКТРООБОРУДОВАНИЯ ПОДВИЖНОГО СОСТАВА;Производство, сервисное обслуживание;
Слесарь, оператор линии;Производство, сервисное обслуживание;
служащий;;
Служба Теплового и Санитарно Технического обеспечения Слесарь Ремонтник;;
Сметчик;;
Смм менеджер;Маркетинг, реклама, PR;
Снабженец;Закупки;
Снабженеч;Закупки;
Снабжение;Закупки;
Снабжение ТМЦ;Закупки;
собственный корреспондент;;
Соискатель;;
солист;;
Сортировщик;Рабочий персонал;
Сортировщик изделий, сырья и материалов;Рабочий персонал;
Сортировщик металлолома;Рабочий персонал;
Сортировщик шпона и фанеры;Рабочий персонал;
сортировщик,упаковщик;Рабочий персонал;
Сортировщица;Рабочий персонал;
Составитель поездов;;
соторож (вахтер);Рабочий персонал;
Сотрудник;;
Сотрудник ведомственной охраны;;
Сотрудник кафе быстрого обслуживания;;
Сотрудник консульства/посольства;;
Сотрудник отдела кадров;;
Сотрудник охраны;;
Сотрудник по работе с документами;;
Сотрудник склада;;
сотрудник службы охраны, судебный пристав, служащий администрации;;
Сотрудник транспортной безопасности;;
Социальная занятость;;
социальный психолог;;
Социальный работник;;
социальный работник п.Учами;;
Социальный сотрудник;;
Социальныц педагог;;
Социолог;;
соцработник;;
СОШ 27 (ЮР, Мэри);;
Спасатель;;
Спасатель МЧС;;
Спецалист, помощник менеджера;;
Специалист;;
Специалист ;;
Специалист (ОР);;
Специалист / помощник;;
Специалист административно хозяйственной части;;
Специалист архива;;
Специалист банка;;
специалист бухгалтер;;
Специалист бэк офиса;;
Специалист в государственном органе;;
Специалист в области информационных технологий;;
Специалист в области охраны труда;;
Специалист в области управления;;
Специалист в области IT;;
Специалист в отдел технического контроля.;;
Специалист в отделе;;
Специалист в сфере закупок по 44 ФЗ;Закупки;
Специалист ВЭД;;
Специалист договорного отдела;;
Специалист документооборота, Администратор данных;;
Специалист допечатной подготовки;;
Специалист информационной безопасности;;
Специалист клиентской службы;;
Специалист лазерной эпиляции;;
Специалист лесного хозяйства;;
специалист молодежного отдела (православные добровольцы);;
Специалист МТО;;
Специалист обработки цифровой информации;;
Специалист отдела возвратов;Административный персонал;
Специалист отдела гарантии, работа с претензиями;Административный персонал;
Специалист отдела кадров;Административный персонал;
специалист отдела кадров,;Административный персонал;
Специалист отдела контроля качества;Административный персонал;
Специалист отдела продаж;Розничная торговля;
СПЕЦИАЛИСТ ОТДЕЛА страхования и кредитования;;
Специалист по автосервису;Автомобильный бизнес;
специалист по банковскому делу;;
Специалист по БДД;;
Специалист по безопасности;;
Специалист по Безопасности жизнедеятельности;;
Специалист по безопасности, руководитель;;
Специалист по большим данным;;
Специалист по ведению ТГ каналов;;
Специалист по ВЭД;;
специалист по государственному и муниципальному управлению;;
Специалист по документообороту;;
специалист по закупкам;Закупки;
специалист по закупкам и продажам;Закупки;
Специалист по земельно имущественным отношениям;Строительство, недвижимость;
специалист по земельно имущественным отношениям,сотрудник банка,оператор мфц;Строительство, недвижимость;
Специалист по земельно имущественным отношениям(диплом), специалист по связям с общественностью стажёр,;Строительство, недвижимость;
Специалист по земельно имущественым отношениям;Строительство, недвижимость;
Специалист по изготовлению рекламной продукции.;;
Специалист по информационным технологиям;;
Специалист по кадрам;Административный персонал;
специалист по кадрам (обучение медицинских работников);Административный персонал;
Специалист по кадрам, делопроизводитель;Административный персонал;
Специалист по кадрам, менеджер по персоналу, начальник отдела кадров;Административный персонал;
специалист по кадрам, менеджер по персоналу, HR  специалист, руководитель образовательного учреждения;Административный персонал;
Специалист по кадрам, председатель первичной профсоюзной организации, ведущий инженер, руководитель направления;Административный персонал;
специалист по кадрам,специалист по воинскому учету;Административный персонал;
специалист по камеральной обработке;;
Специалист по качеству;;
Специалист по корпоративным клиентам;;
Специалист по логистике;;
Специалист по логистики;;
специалист по маникюру;;
Специалист по маникюру (маникюрша);;
специалист по международным отношениям;;
Специалист по обучению и аттестации персонала в области неразрушающего контроля;;
Специалист по обучению и развитию персонала;;
Специалист по отчетности;;
Специалист по охране труда;;
специалист по охране труда, юрист;;
Специалист по подбору персонала;;
Специалист по подключению;;
Специалист по пожарной безопасности;;
Специалист по претензионной работе;;
Специалист по приему документов;;
Специалист по продажам;Продажи, обслуживание клиентов;
Специалист по продажам ;Продажи, обслуживание клиентов;
Специалист по работе на Маркетплейсах;;
специалист по работе с внутренним докуметооборотом;;
Специалист по работе с документами;;
Специалист по работе с клиентами;;
Специалист по работе с клиентами, менеджер по развитию, управляющая;;
специалист по работе с молодежью;;
Специалист по работе с молодёжью;;
Специалист по развитию бизнеса;;
специалист по реабилитационной работе в социальной сфере;;
Специалист по рекламе;;
специалист по связям с общественностью;;
Специалист по снабжению;Закупки;
Специалист по снабжению (закупкам);Закупки;
Специалист по снабжению, Менеджер по тендерам;Закупки;
Специалист по созданию условий для совершения покупок;;
Специалист по сопровождению клиентов;;
специалист по социальной работе;;
Специалист по социальной работе, социальный педагог;;
"специалист по социальной работе; делопроизводитель; администратор; секретарь; лаборант";;
"Специалист по социальной работе; делопроизводитель; воспитатель.";;
Специалист по страхованию;;
Специалист по таможенному оформлению;;
Специалист по таможенным операциям;;
специалист по тендерам;;
Специалист по тестированию ПО для региональных и федеральных ИТ компаний;;
Специалист по технической документации;;
Специалист по туризму;;
Специалист по упаковке.;;
специалист по ценообразованию;;
специалист по экономике;;
Специалист по экономической безопасности;;
Специалист по эксплуатации;;
Специалист по IT;Информационные технологии;
Специалист ПТО;;
Специалист склада;;
Специалист службы безопасности;;
Специалист службы безопасности ;;
специалист службы заказчика/технического застройщика;;
Специалист среднего звена;;
Специалист таможенного дела;;
Специалист управления имущественных отношений;;
Специалист чата;;
Специалист экономической безопасности, аналитик, эксперт;Информационные технологии;
Специалист it;Информационные технологии;
Специалист, бухгалтер, оператор;;
Специалист, бухгалтер, экономист.;;
Специалист, инспектор;;
Специалист, кассир, кредит контроль;;
Специалист, менеджер;;
Специалист, менеджер, инженер;;
специалист, оператор ПК;;
Специалист,делопроизводитель;;
Специалист,экономист,бухгалтер,менеджер;;
Специалист.;;
Специалист/Ведущий специалист;;
Специалист/инженер;;
Специалист/Менеджер по работе с клиентами;;
Специалистпо кадрам;;
Специалисты;;
Специлист по рекламе;;
Спортивный инструктор;;
среднее звено;;
ставильщик;;
Стажер;;
Стажёр;;
стажёр 1С;;
Стажировка Коуч, консультант онлайн  школы, копирайтер, транскрибатор;;
Станочник;;
станочник деревообрабатывающих станков;;
Станочник деревообрабатывающих станков 4 разряд;;
Станочник по металлу;;
Станочник распиловщик;;
Станочник распиловщик,сортировщик деревянных деталий;;
Станочник фрезеровщик 3 разряда;;
Станочник, Арматурщик;;
Старшая медицинская сестра;;
Старший администратор;;
Старший библиотекарь;;
Старший бухгалтер;;
Старший инженер;;
Старший кассир, кассир.;;
Старший Кладовщик;;
Старший контролер (вахтер);;
Старший мастер обработки рыбы;;
Старший медицинский брат;;
старший менеджер;;
старший менеджер по закупки/продажам;Закупки;
Старший менеджер по обслуживанию;;
Старший менеджер по обслуживанию физ. лиц;;
старший помощник инструктора по спорту;;
Старший помощник капитана;;
Старший преподаватель;;
Старший продавец;;
Старший продавец кассир;;
старший склада;;
Старший специалист по поддержке;;
Старший техник;;
старший техник   программист;;
Старший Финансовый контролер/ Гл.экономист;;
Старший BI аналитик;;
Стивидор;;
стилист колорист;;
Столяр;;
Столяр плотник;;
столяр плотник, слесарь сантехник;;
Столяр плотник, станочник по деревообработке, водитель;;
столяр сборщик изделий из древесины;;
СТОЛЯР СТАНОЧНИК;;
Столяр строительный;;
сторож;Безопасность;
сторож (вахтер);Безопасность;
сторож вахтер;Безопасность;
Сторож охранник;Безопасность;
Сторож, вахтер;Безопасность;
Сторож, няня;Безопасность;
Сторож, охранник;Безопасность;
сторож, охранник, вахтер,дворник;Безопасность;
сторож, помощник воспитателя;Безопасность;
Сторож, рабочий по складу, оператор, разнорабочий;Безопасность;
Сторож, рабочий производства;Безопасность;
Сторож, слесарь, водитель, кочегар, печатник высокой печати, тракторист;Безопасность;
Сторож,вахтер,охранник;Безопасность;
сторож,охрана;Безопасность;
Сторож,охранник;Безопасность;
Сторож.;Безопасность;
Сторож(вахтер);Безопасность;
Сторож/охранник/разнорабочий;Безопасность;
Страховой Агент;;
Стрелок;;
стрелок.;;
Строж;;
строитель;;
строитель отделочник домов;;
Строитель экономист;;
Строительство;;
стропальщик;;
стропальщик, грузчик, плотник.;;
Стропальщик, дробильщик;;
стропальщик, электромонтер;;
Стропальщик,разнорабочий,грузчик;;
стропольщик;;
Студент;;
су шеф;;
Судебный эксперт;;
судовой повар;;
судомеханик;;
Супервайзер;;
Супервайзер по бурению;;
Супервайзер, КАМ;;
Супервайзер, менеджер по продажам, территориальный менеджер, супервайзер торговых представителей;Продажи, обслуживание клиентов;
Сушильщик;;
сушильщик шпона;;
сушильщик шпона и фанеры;;
съемщик  укладчик;;
Таксист;;
Таможенный декларант;;
Таргетолог;;
тату мастер ,граффитист;;
телефонистка;;
территориальный менеджер;;
тестеровщик сайтов;;
Тестировщик;;
Тестировщик ПО;;
Тестировщик IT;;
Тестировщик, стажер QA;;
Тестовая профессия;;
Тех. Директор;;
Техник;Производство, сервисное обслуживание;
техник  механик;Производство, сервисное обслуживание;
Техник  судоводитель;Производство, сервисное обслуживание;
техник водных путей сообщения;Производство, сервисное обслуживание;
Техник геофизик;Производство, сервисное обслуживание;
Техник гидромелиоратор;Производство, сервисное обслуживание;
Техник дозиметрист;Производство, сервисное обслуживание;
техник землеустроитель;Производство, сервисное обслуживание;
техник механик;Производство, сервисное обслуживание;
техник механник;Производство, сервисное обслуживание;
Техник операционных систем , водитель категории В;Производство, сервисное обслуживание;
техник осеменатор;Производство, сервисное обслуживание;
Техник по защите информации;Производство, сервисное обслуживание;
Техник Пожарной безопасности;Производство, сервисное обслуживание;
Техник программист;Производство, сервисное обслуживание;
Техник ПТО;Производство, сервисное обслуживание;
Техник смотртель;Производство, сервисное обслуживание;
Техник судоводитель;Производство, сервисное обслуживание;
Техник судостроитель;Производство, сервисное обслуживание;
техник технолог;Производство, сервисное обслуживание;
техник технолог общественного питания;Производство, сервисное обслуживание;
техник технолог пищевых продуктов;Производство, сервисное обслуживание;
Техник эколог;Производство, сервисное обслуживание;
техник экономист;Производство, сервисное обслуживание;
Техник эксплуатации и монтажа вентиляции и кондиционирования;Производство, сервисное обслуживание;
техник электрик;Производство, сервисное обслуживание;
Техник электрик Водитель;Производство, сервисное обслуживание;
Техника механик;Производство, сервисное обслуживание;
техническая служащая;Производство, сервисное обслуживание;
Технический геймдизайнер;Производство, сервисное обслуживание;
Технический директор;Производство, сервисное обслуживание;
технический директор, коммерческий директор, главный инженер;Производство, сервисное обслуживание;
Технический руководитель, зам. директора по АХО;Производство, сервисное обслуживание;
Технический специалист;Производство, сервисное обслуживание;
Технический специалист по ремонту компьютеров;Производство, сервисное обслуживание;
Техничка;Производство, сервисное обслуживание;
Техничка,разнорабочий;Производство, сервисное обслуживание;
Технолог;Производство, сервисное обслуживание;
Технолог конструктор;Производство, сервисное обслуживание;
Технолог машиностроения;Производство, сервисное обслуживание;
технолог мебельного производста;Производство, сервисное обслуживание;
Технолог мяса;Производство, сервисное обслуживание;
Технолог наставник;Производство, сервисное обслуживание;
Технолог сельскохозяйственной продукции;Производство, сервисное обслуживание;
Технолог ТППСХП;Производство, сервисное обслуживание;
Технолог хлебобулочного производства;Производство, сервисное обслуживание;
Технолог ювелирного производства;Производство, сервисное обслуживание;
Технолог, преподаватель, менеджер, закупки;Производство, сервисное обслуживание;
Техслужащая;;
техслужащий;;
Ткач;;
Товаровед;Розничная торговля;
товаровед эксперт;Розничная торговля;
Товаровед, делопроизводитель;Розничная торговля;
Товаровед, маркетолог, логист;Розничная торговля;
товаровед,кладовщик;Розничная торговля;
Товаровед,кладовщик,кассир,продавец;Розничная торговля;
токарь;;
Токарь станочник;;
топ мастер;;
Торговый представитель;Розничная торговля;
Торговый представитель и подобное;Розничная торговля;
Торговый представитель,мерчандайзер,менеджер по продажам.;Розничная торговля;
травматолог;;
Тракторист;;
Тракторист   машинист сельскохозяйственного производства;;
Тракторист машенист категорияCD;;
Тракторист машинист;;
Тракторист машинист сельскохозяйственного производства;;
Тракторист машинист сельскохозяйственного производства 3 разряда;;
Тракторист по подготовке лесосек,трелевке и вывозке леса;;
тракторист экскаваторщик;;
тракторист, вальщик;;
тракторист, машинист бульдозера 6 разряда;;
транспортировщик;;
Трейд маркетолог;;
Трелевщик;;
Тренер;Управление персоналом, тренинги;
Тренер инструктор;Управление персоналом, тренинги;
тренер инструктор тренажерного зала;Управление персоналом, тренинги;
Тренер по грудничковому плаванию;Управление персоналом, тренинги;
тренер по футболу;Управление персоналом, тренинги;
Тренер преподаватель;Управление персоналом, тренинги;
Тренер, инструктор по физической культуре;Управление персоналом, тренинги;
тренер, преподаватель по йоге;Управление персоналом, тренинги;
Тренер,педагог физической культуры;Управление персоналом, тренинги;
Тренинг менеджер;Управление персоналом, тренинги;
Третий механик;;
Третий помощник капитана;;
Трудоустройство несовершеннолетних;;
Трудоустройство несовершеннолетних МКУ ЦПВМ;;
Трудоустройство несовершеннолетних на летний период;;
Трудоустройство несовнршеннолетних;;
Трудоустройство школьников на летний период;;
Туризм;;
убопрщик помещений;Домашний, обслуживающий персонал;
уборка помещений;Домашний, обслуживающий персонал;
Уборка помещения;Домашний, обслуживающий персонал;
Уборка территорий;Домашний, обслуживающий персонал;
уборшица;Домашний, обслуживающий персонал;
уборщик;Домашний, обслуживающий персонал;
уборщик (Школа 2);Домашний, обслуживающий персонал;
уборщик подсобных помещений;Домашний, обслуживающий персонал;
уборщик помещений;Домашний, обслуживающий персонал;
уборщик помещений, прачка, горничная;Домашний, обслуживающий персонал;
уборщик помещения;Домашний, обслуживающий персонал;
уборщик производных и служебных помещений;Домашний, обслуживающий персонал;
Уборщик производственных и жилых помещений;Домашний, обслуживающий персонал;
Уборщик производственных и служебных помещений;Домашний, обслуживающий персонал;
Уборщик производственных помещений;Домашний, обслуживающий персонал;
Уборщик производственных служебных помещений;Домашний, обслуживающий персонал;
уборщик служебных и производственных помещений;Домашний, обслуживающий персонал;
Уборщик служебных помешений;Домашний, обслуживающий персонал;
Уборщик служебных помещений;Домашний, обслуживающий персонал;
УБОРЩИК СЛУЖЕБНЫХ ПОМЕЩЕНИЙ ПОДРОСТОК;Домашний, обслуживающий персонал;
уборщик служебных помещений помощник библиотекаря;Домашний, обслуживающий персонал;
уборщик служебных помещений, мойщик посуды;Домашний, обслуживающий персонал;
уборщик служебных помещений/упаковщик;Домашний, обслуживающий персонал;
Уборщик територий;Домашний, обслуживающий персонал;
уборщик территории;Домашний, обслуживающий персонал;
уборщик территорий;Домашний, обслуживающий персонал;
Уборщик территория Хлебокомбинат;Домашний, обслуживающий персонал;
Уборщица;Домашний, обслуживающий персонал;
уборщица  санитарка;Домашний, обслуживающий персонал;
Уборщица подъездов;Домашний, обслуживающий персонал;
Уборщица помещений;Домашний, обслуживающий персонал;
уборщица производственных и служебных помещений;Домашний, обслуживающий персонал;
Уборщица служебных помещений;Домашний, обслуживающий персонал;
Уборщица, водитель троллейбуса, обработчик, швея;Домашний, обслуживающий персонал;
уборщица, маляр, штукатур;Домашний, обслуживающий персонал;
Уборщица, техничка;Домашний, обслуживающий персонал;
Удалёнка;;
Удаленная работа;;
удаленный работник;;
укладчик упаковщик;Рабочий персонал;
Укладчик хлебобулочных изделий;Рабочий персонал;
укладчик, упаковщик;Рабочий персонал;
Укладчица/упаковщица;Рабочий персонал;
упаковщик;Рабочий персонал;
Упаковщик фасовщик;Рабочий персонал;
Упаковщик,;Рабочий персонал;
Упаковщик, кухонная рабочая.;Рабочий персонал;
упаковщика;Рабочий персонал;
Упаковщица;Рабочий персонал;
упаковщица ,фасовщица,укладчица;Рабочий персонал;
Управление;Высший и средний менеджмент;
управление персоналом;Высший и средний менеджмент;
Управлящий магазином,администратор;Высший и средний менеджмент;
управляющая;Высший и средний менеджмент;
управляющая делами;Высший и средний менеджмент;
Управляющий;Высший и средний менеджмент;
Управляющий административным зданием;Высший и средний менеджмент;
Управляющий директор;Высший и средний менеджмент;
Управляющий магазином;Высший и средний менеджмент;
Управляющий персоналом;Высший и средний менеджмент;
Управляющий по строительству и эксплуатации, технический директор, главный инженер;Высший и средний менеджмент;
Управляющий продажами;Высший и средний менеджмент;
управляющий проекта;Высший и средний менеджмент;
Управляющий спортивным клубом;Высший и средний менеджмент;
Управляющий столовой;Высший и средний менеджмент;
управляющий, заместитель управляющего гостиницей;Высший и средний менеджмент;
Управляющий,менеджер ресторана;Высший и средний менеджмент;
УправляющийДиректор;Высший и средний менеджмент;
Установка дверей;;
Участковый лесничий;;
Участковый уполномоченный полиции;;
Учащийся;;
учащийся до 18 лет;;
учащийся МБОУ СОШ № 14;;
Учащийся СОШ №3;;
Учащийся школы 29;;
Ученик испытателя электрических машин, аппаратов и приборов;;
ученик кондитера;;
ученик повара;;
Ученик электрогазосварщика;;
Ученый агроном по защите растений;;
Учетчик;;
Учитель;Наука, образование;
Учитель   логопед;Наука, образование;
учитель (педагог) химии;Наука, образование;
Учитель (преподаватель) иностранного языка;Наука, образование;
Учитель английского языка;Наука, образование;
учитель биологии;Наука, образование;
Учитель географии;Наука, образование;
учитель дефектолог;Наука, образование;
Учитель изо и черчения;Наука, образование;
Учитель изобразительного искусства;Наука, образование;
Учитель изобразительного искусства и черчения;Наука, образование;
Учитель индивидуального обучения таджвиду;Наука, образование;
учитель иностранного языка( английский, немецкий);Наука, образование;
Учитель информатики;Наука, образование;
Учитель информатики и ИКТ;Наука, образование;
Учитель истории;Наука, образование;
Учитель истории и обществознания;Наука, образование;
Учитель логопед;Наука, образование;
Учитель математики;Наука, образование;
Учитель математики и информатики;Наука, образование;
Учитель музыки;Наука, образование;
Учитель начальных классов;Наука, образование;
Учитель начальных классов, Воспитатель;Наука, образование;
учитель немецкого языка;Наука, образование;
учитель по английскому языку;Наука, образование;
Учитель права;Наука, образование;
учитель преподаватель, тренер;Наука, образование;
Учитель рисования;Наука, образование;
Учитель русского языка;Наука, образование;
Учитель русского языка и литературы;Наука, образование;
Учитель русского языка/литературы;Наука, образование;
Учитель технологии;Наука, образование;
учитель труда;Наука, образование;
учитель физического воспитания, тренер;Наука, образование;
учитель физической культуры;Наука, образование;
Учитель физической культуры или учитель/преподаватель основы безопасности жизнедеятельности;Наука, образование;
Учитель физкультуры;Наука, образование;
Учительница;Наука, образование;
Уюорщик территории;;
фармацевт;;
фармовщик колбасных изделий;;
Фасовшик;Рабочий персонал;
фасовщик;Рабочий персонал;
фасовщик,укладчик упаковщик,комплектовщик;Рабочий персонал;
фасовщик,упаковщик, буфетчик, помощник воспитателя;Рабочий персонал;
Фасовщица;Рабочий персонал;
Фасовщица готовой продукции;Рабочий персонал;
фасовщица, кухонная рабочая, уборщица;Рабочий персонал;
Фельдшер;Медицина, фармацевтика;
Фельдшер лаборант;Медицина, фармацевтика;
Фельдшер неотложной помощи;Медицина, фармацевтика;
Фельшер, диспетчер;Медицина, фармацевтика;
Физиотерапевт, массажист;Медицина, фармацевтика;
Филолог;;
Финансист;Финансы, бухгалтерия;
Финансист, экономист;Финансы, бухгалтерия;
Финансовый аналитик;Финансы, бухгалтерия;
Финансовый директор;Финансы, бухгалтерия;
Финансовый координатор;Финансы, бухгалтерия;
Финансовый менеджер;Финансы, бухгалтерия;
Финансовый эксперт;Финансы, бухгалтерия;
Финансы;Финансы, бухгалтерия;
Фитнес тренер;;
Флорист;;
Флорист. Ассистент. Фотограф;;
Формовщик;;
Формовщик железобетонных изделий;;
Формовщик колбасных изделий;;
Формовщик теста;;
Формовщик х/б изделий;;
фотограф;;
Фотограф администратор;;
Фрезеровщик;;
Фронтенд разработчик;;
Фронтэнд Разработчик;;
Химик;;
Химик аналитик (хроматографист);;
ХИМИК АНАЛИТИК, инженер технолог, менеджер по контролю качества;;
Химик лаборант;;
химик технолог;;
Хореограф;;
Хореограф в детский сад;;
художественный руководитель;Информационные технологии;
Художник;Информационные технологии;
Художник , 2D, иллюстратор;Информационные технологии;
Художник дизайнер;Информационные технологии;
Художник иконописец;Информационные технологии;
Художник иллюстратор;Информационные технологии;
Художник компьютерной графики;Информационные технологии;
художник оформитель;Информационные технологии;
Художник Стилист;Информационные технологии;
Художник, дизайнер;Информационные технологии;
Цветовод;;
чабан;;
Частичная занятость (подработка);;
чистильщик металла образивными кругами;;
Чистильщик овощей;;
ЧОУ “Современный гуманитарный лицей” временное трудоустройство несовершеннолетних;;
ШВЕЯ;;
Швея ;;
швея с обучением, кладовщик.;;
швея трикотажных изделий;;
Шеф  повар;;
шихтовщик;;
Шлифовщица;;
Штамповщик;;
Штукатур;Строительство, недвижимость;
штукатур   маляр;Строительство, недвижимость;
штукатур  маляр;Строительство, недвижимость;
штукатур маляр;Строительство, недвижимость;
Штукатур маляр.;Строительство, недвижимость;
штукатурщик;Строительство, недвижимость;
Щвея;;
ЭКОЛОГ;;
Экономист;Финансы, бухгалтерия;
Экономист  бухгалтер;Финансы, бухгалтерия;
Экономист аналитик;Финансы, бухгалтерия;
Экономист банковское дело;Финансы, бухгалтерия;
экономист бухгалтер;Финансы, бухгалтерия;
Экономист маркетолог;Финансы, бухгалтерия;
Экономист менеджер;Финансы, бухгалтерия;
Экономист менеджер по управлению;Финансы, бухгалтерия;
Экономист по труду;Финансы, бухгалтерия;
Экономист по финансовому мониторингу;Финансы, бухгалтерия;
Экономист финансист;Финансы, бухгалтерия;
Экономист, бухгалтер;Финансы, бухгалтерия;
Экономист, бухгалтер на материалы, администратор, секретарь;Финансы, бухгалтерия;
экономист. испытатель электрических машин;Финансы, бухгалтерия;
Экскаваторщик;;
Эксковаторщик;;
Экскурсовод;;
экскурсовод (гид);;
экспедитор;;
экспедитор, кладовщик, грузчик;;
Эксперт;;
эксперт архитектуры беспроводных сетей;;
Эксперт вайлберис;;
Эксперт техник;;
Эксперт технического состояния автомототранспорта. Персональный водитель;Автомобильный бизнес;
Электрик;Производство, сервисное обслуживание;
Электрик , продавец;Производство, сервисное обслуживание;
Электрик до 1000вольт;Производство, сервисное обслуживание;
Электрик участка;Производство, сервисное обслуживание;
электрик участка, цеха;Производство, сервисное обслуживание;
электрик электронщик;Производство, сервисное обслуживание;
Электрик, водитель экспедитор разнорабочий;Производство, сервисное обслуживание;
Электрик, грузчик ;Производство, сервисное обслуживание;
Электрик, слесарь, плотник;Производство, сервисное обслуживание;
электрогазосарщик;Производство, сервисное обслуживание;
электрогазосварщик;Производство, сервисное обслуживание;
ЭЛЕКТРОГАЗОСВАРЩИК 4 РАЗРЯДА;Производство, сервисное обслуживание;
Электрогазосварщик 6р, резчик;Производство, сервисное обслуживание;
Электрогазосварщик, водитель;Производство, сервисное обслуживание;
электрогазосварщик, газорезчик;Производство, сервисное обслуживание;
Электром;Производство, сервисное обслуживание;
Электромантер;Производство, сервисное обслуживание;
ЭЛЕКТРОМАНТЕР ПО РЕМОНТУ ОБОРУДОВАНИЯ;Производство, сервисное обслуживание;
Электромантер СЦБ;Производство, сервисное обслуживание;
Электромеханик;Производство, сервисное обслуживание;
Электромеханик (судовой);Производство, сервисное обслуживание;
Электромеханик по лифтам аварийная служба;Производство, сервисное обслуживание;
электромеханик связи;Производство, сервисное обслуживание;
электромеханик устройств сигнализации, централизации и блокировке;Производство, сервисное обслуживание;
электромонтажник;Производство, сервисное обслуживание;
Электромонтажник по кабельным сетям;Производство, сервисное обслуживание;
Электромонтажник по распределительным устройствам;Производство, сервисное обслуживание;
Электромонтажник по силовым сетям и электрооборудованию;Производство, сервисное обслуживание;
Электромонтер;Производство, сервисное обслуживание;
Электромонтёр;Производство, сервисное обслуживание;
Электромонтёр ;Производство, сервисное обслуживание;
Электромонтер 4 разряда;Производство, сервисное обслуживание;
Электромонтер 5 го разряда;Производство, сервисное обслуживание;
Электромонтер декадно шаговых телефонных станций;Производство, сервисное обслуживание;
Электромонтер литейщик по монтажу воздушных линий;Производство, сервисное обслуживание;
Электромонтер ОВБ/подстанции (оперативный персонал));Производство, сервисное обслуживание;
Электромонтёр ОПС;Производство, сервисное обслуживание;
электромонтер ОПС (4 разряда);Производство, сервисное обслуживание;
электромонтер по обслуживанию электрооборудования электростанций;Производство, сервисное обслуживание;
электромонтер по подстанциям;Производство, сервисное обслуживание;
электромонтер по ремонту и обслуживанию электрооборудования;Производство, сервисное обслуживание;
Электромонтёр по ремонту и обслуживанию электрооборудования;Производство, сервисное обслуживание;
Электромонтер по ремонту и обслуживанию электрооборудования 4 разряда;Производство, сервисное обслуживание;
Электромонтер по ремонту оборудования распределительных устройств (до 110 кВ);Производство, сервисное обслуживание;
электросварщик;Производство, сервисное обслуживание;
Электросварщик на полуавтоматических машинах,занятый сваркой в среде углекислого газа;Производство, сервисное обслуживание;
Электросварщик ручной сварки;Производство, сервисное обслуживание;
Электрослесарь;Производство, сервисное обслуживание;
электрослесарь по ремонту оборудования, дежурный электрослесарь;Производство, сервисное обслуживание;
Электрослесарь подземный;Производство, сервисное обслуживание;
Электроэнергетик;Производство, сервисное обслуживание;
Элетромеханик;Производство, сервисное обслуживание;
Элетромонтажник;Производство, сервисное обслуживание;
ЭНЕРГЕТИК;;
Ювелир;;
Ювелир закрепщик;;
Юрисконсульт;Юристы;
Юрисконсульт (средней квалификации);Юристы;
Юрисконсульт, делопроизводитель, специалист;Юристы;
Юрисконсульт, делопроизводитель, специалист по кадрам;Юристы;
Юрисконсульт, специалист;Юристы;
юрисконсульт, юрист;Юристы;
Юрисконсульт/Ведущий специалист;Юристы;
Юриспруденция;Юристы;
Юрист;Юристы;
Юрист ;Юристы;
Юрист ( земельное право);Юристы;
Юрист консультант;Юристы;
юрист либо руководитель;Юристы;
Юрист по направлению: право и организация социального обеспечения.;Юристы;
Юрист, адвокат;Юристы;
юрист, бухгалтер;Юристы;
юрист, ведущий юрисконсульт;Юристы;
Юрист, водитель;Юристы;
юрист, оператор пк, менеджер;Юристы;
Юрист, помощник юриста, делопроизводитель, специалист;Юристы;
Юрист, помощник юриста,гражданская служба;Юристы;
Юрист,специалист,помощник руководителя;Юристы;
Юрист/помощник юриста;Юристы;
Юристконсульт;Юристы;
Android разработчик;Информационные технологии;
Backend разработчик;Информационные технологии;
Cантехник;;
Cварщик;;
CК,CКК,прораб,руководитель проекта.;;
Cоциальный работник;;
Cпециалист;;
Cпециалист по ИТ технологиям;;
cпециалист по недвижимости;Строительство, недвижимость;
Cпециалист по работе с клиентами;;
cторож(вахтер);;
CУДЕБНЫЙ ПРИСТАВ  ИСПОЛЬНИТЕЛЬ;;
Creator;;
Front end Разработчик;Информационные технологии;
Frontend разработчик;Информационные технологии;
Frontend Web разработчик;Информационные технологии;
HR;Административный персонал;
hr менеджер;Административный персонал;
HR специалист;Административный персонал;
IT менеджер;Информационные технологии;
IT рекрутер;Информационные технологии;
IT специалист;Информационные технологии;
Java разработчик;Информационные технологии;
JavaScript разработчик;Информационные технологии;
Junior разработчик;Информационные технологии;
Junior Java разработчик;Информационные технологии;
Middle QA Automation Engineer;Информационные технологии;
oxpанник;;
pr менеджер;Маркетинг, реклама, PR;
PR специалист;Маркетинг, реклама, PR;
QA   инженер;Информационные технологии;
QA Engineer;Информационные технологии;
QA engineer (инженер по тестированию);Информационные технологии;
QA engineer (Тестировщик);Информационные технологии;
Recruiter;Административный персонал;
SMM менеджер;Информационные технологии;
SMM специалист;Информационные технологии;
ux/ui дизайнер;Информационные технологии;
UX/UI дизайнер мобильных приложений;Информационные технологии;
WEB разработчик (стажёр);Информационные технологии;
;;